method,model,scenario,horizon,cf_future,cf_historical,delta_cf_pp,delta_cf_pct
qm_sin_recentrado,ACCESS-CM2,ssp126,lejano,0.4578117144947616,0.44832967377529753,0.9482040719464069,2.1149705839494493
qm_sin_recentrado,ACCESS-CM2,ssp126,medio,0.44603179226925366,0.44832967377529753,-0.2297881506043875,-0.5125428095566043
qm_sin_recentrado,ACCESS-CM2,ssp245,lejano,0.4414802504708125,0.44832967377529753,-0.6849423304485014,-1.527764880429916
qm_sin_recentrado,ACCESS-CM2,ssp245,medio,0.45850769642285416,0.44832967377529753,1.0178022647556628,2.2702094558786357
qm_sin_recentrado,ACCESS-CM2,ssp585,lejano,0.5264476869159829,0.44832967377529753,7.811801314068534,17.424234377097704
qm_sin_recentrado,ACCESS-CM2,ssp585,medio,0.5057665555931323,0.44832967377529753,5.7436881817834795,12.811304978804984
qm_sin_recentrado,CESM2,ssp126,lejano,0.43162908615662776,0.44870926811776557,-1.7080181961137808,-3.8065141896411747
qm_sin_recentrado,CESM2,ssp126,medio,0.42477106611249815,0.44870926811776557,-2.3938202005267417,-5.334902509520878
qm_sin_recentrado,CESM2,ssp245,lejano,0.463296739787995,0.44870926811776557,1.4587471670229446,3.250985149341945
qm_sin_recentrado,CESM2,ssp245,medio,0.46590177526237225,0.44870926811776557,1.7192507144606684,3.8315471433708836
qm_sin_recentrado,CESM2,ssp585,lejano,0.47741356070206825,0.44870926811776557,2.870429258430268,6.397080386752596
qm_sin_recentrado,CESM2,ssp585,medio,0.470292327711832,0.44870926811776557,2.1583059594066425,4.810032046942658
qm_sin_recentrado,CESM2-WACCM,ssp126,lejano,0.4350258047690977,0.45032376898429843,-1.5297964215200743,-3.39710343287124
qm_sin_recentrado,CESM2-WACCM,ssp126,medio,0.44761005801996384,0.45032376898429843,-0.27137109643345925,-0.6026133087434715
qm_sin_recentrado,CESM2-WACCM,ssp245,lejano,0.47226428268034365,0.45032376898429843,2.1940513696045216,4.872164253184286
qm_sin_recentrado,CESM2-WACCM,ssp245,medio,0.4645931516653593,0.45032376898429843,1.4269382681060871,3.168694096082314
qm_sin_recentrado,CESM2-WACCM,ssp585,lejano,0.49045890060387926,0.45032376898429843,4.013513161958082,8.91250570897142
qm_sin_recentrado,CESM2-WACCM,ssp585,medio,0.48098193362794317,0.45032376898429843,3.065816464364474,6.808027191812238
qm_sin_recentrado,CMCC-CM2-SR5,ssp126,lejano,0.4236964691981459,0.45566290849041513,-3.196643929226922,-7.015370067792482
qm_sin_recentrado,CMCC-CM2-SR5,ssp126,medio,0.4438509747942999,0.45566290849041513,-1.1811933696115218,-2.5922526227222353
qm_sin_recentrado,CMCC-CM2-SR5,ssp245,lejano,0.4195709521065967,0.45566290849041513,-3.6091956383818458,-7.920758023379393
qm_sin_recentrado,CMCC-CM2-SR5,ssp245,medio,0.4338688140284913,0.45566290849041513,-2.179409446192382,-4.782942402340007
qm_sin_recentrado,CMCC-CM2-SR5,ssp585,lejano,0.43271443165201456,0.45566290849041513,-2.2948476838400564,-5.03628371122582
qm_sin_recentrado,CMCC-CM2-SR5,ssp585,medio,0.45189424819948554,0.45566290849041513,-0.3768660290929593,-0.8270719913136992
qm_sin_recentrado,CMCC-ESM2,ssp126,lejano,0.43769968743600424,0.4549474057352271,-1.7247718299222836,-3.7911455438127684
qm_sin_recentrado,CMCC-ESM2,ssp126,medio,0.44902001962064425,0.4549474057352271,-0.5927386114582822,-1.3028728243880683
qm_sin_recentrado,CMCC-ESM2,ssp245,lejano,0.44766103404336477,0.4549474057352271,-0.7286371691862303,-1.6015855019740122
qm_sin_recentrado,CMCC-ESM2,ssp245,medio,0.4433247789434711,0.4549474057352271,-1.1622626791755963,-2.5547187752335887
qm_sin_recentrado,CMCC-ESM2,ssp585,lejano,0.45210614575351626,0.4549474057352271,-0.28412599817108086,-0.6245249331885194
qm_sin_recentrado,CMCC-ESM2,ssp585,medio,0.4611563373092029,0.4549474057352271,0.620893157397584,1.3647581007615095
qm_sin_recentrado,CanESM5,ssp126,lejano,0.4761339025804995,0.45362983703195026,2.2504065548549224,4.9608874265834935
qm_sin_recentrado,CanESM5,ssp126,medio,0.487804853706702,0.45362983703195026,3.4175016674751757,7.5336791994008
qm_sin_recentrado,CanESM5,ssp245,lejano,0.46835912773191557,0.45362983703195026,1.4729290699965314,3.2469845450064483
qm_sin_recentrado,CanESM5,ssp245,medio,0.4702341197533092,0.45362983703195026,1.6604282721358943,3.6603153862186266
qm_sin_recentrado,CanESM5,ssp585,lejano,0.49817586254717067,0.45362983703195026,4.454602551522041,9.819906425617875
qm_sin_recentrado,CanESM5,ssp585,medio,0.4736845331038543,0.45362983703195026,2.005469607190402,4.420938490977511
qm_sin_recentrado,EC-Earth3,ssp126,lejano,0.44332784664766134,0.4540438299210466,-1.0715983273385243,-2.3601208886042224
qm_sin_recentrado,EC-Earth3,ssp126,medio,0.44350413224387697,0.4540438299210466,-1.0539697677169613,-2.3212952104210594
qm_sin_recentrado,EC-Earth3,ssp245,lejano,0.43997617561285246,0.4540438299210466,-1.4067654308194122,-3.0983031551470086
qm_sin_recentrado,EC-Earth3,ssp245,medio,0.43349044625145566,0.4540438299210466,-2.055338366959092,-4.526740000665786
qm_sin_recentrado,EC-Earth3,ssp585,lejano,0.45515310890710065,0.4540438299210466,0.1109278986054063,0.24431099223327646
qm_sin_recentrado,EC-Earth3,ssp585,medio,0.44653777514750115,0.4540438299210466,-0.7506054773545434,-1.6531564309222424
qm_sin_recentrado,IPSL-CM6A-LR,ssp126,lejano,0.48508918564782255,0.458097924507419,2.6991261140403564,5.892028690028783
qm_sin_recentrado,IPSL-CM6A-LR,ssp126,medio,0.48385853715425536,0.458097924507419,2.576061264683638,5.6233855838871305
qm_sin_recentrado,IPSL-CM6A-LR,ssp245,lejano,0.48783339981127827,0.458097924507419,2.973547530385928,6.491074006902142
qm_sin_recentrado,IPSL-CM6A-LR,ssp245,medio,0.4851645584880193,0.458097924507419,2.7066633980600328,5.908482124145054
qm_sin_recentrado,IPSL-CM6A-LR,ssp585,lejano,0.4864516265062725,0.458097924507419,2.835370199885351,6.18944127051908
qm_sin_recentrado,IPSL-CM6A-LR,ssp585,medio,0.49099824016710364,0.458097924507419,3.2900315659684654,7.181939471797771
qm_sin_recentrado,MIROC6,ssp126,lejano,0.4419674225332239,0.4749215475124732,-3.295412497924927,-6.938856565227491
qm_sin_recentrado,MIROC6,ssp126,medio,0.43938921428386996,0.4749215475124732,-3.553233322860322,-7.481726911468467
qm_sin_recentrado,MIROC6,ssp245,lejano,0.44005336680382445,0.4749215475124732,-3.486818070864872,-7.341882231134811
qm_sin_recentrado,MIROC6,ssp245,medio,0.43594327196477106,0.4749215475124732,-3.8978275547702115,-8.207308291624393
qm_sin_recentrado,MIROC6,ssp585,lejano,0.448595087907707,0.4749215475124732,-2.632645960476615,-5.5433281018007925
qm_sin_recentrado,MIROC6,ssp585,medio,0.4479880377575929,0.4749215475124732,-2.693350975488029,-5.671149244744034
qm_sin_recentrado,MPI-ESM1-2-HR,ssp126,lejano,0.4596849197879388,0.4502985716399104,0.9386348148028412,2.084472112324254
qm_sin_recentrado,MPI-ESM1-2-HR,ssp126,medio,0.4479468136684541,0.4502985716399104,-0.23517579714562586,-0.5222663627138635
qm_sin_recentrado,MPI-ESM1-2-HR,ssp245,lejano,0.4646238285260192,0.4502985716399104,1.4325256886108806,3.181279663832526
qm_sin_recentrado,MPI-ESM1-2-HR,ssp245,medio,0.453715797855366,0.4502985716399104,0.3417226215455593,0.7588800921598748
qm_sin_recentrado,MPI-ESM1-2-HR,ssp585,lejano,0.4833809664769835,0.4502985716399104,3.3082394837073092,7.346768770905188
qm_sin_recentrado,MPI-ESM1-2-HR,ssp585,medio,0.45867907219634235,0.4502985716399104,0.8380500556431969,1.8610986319391731
qm_sin_recentrado,MPI-ESM1-2-LR,ssp126,lejano,0.4658176213880477,0.45140726088624694,1.4410360501800779,3.1923191650725657
qm_sin_recentrado,MPI-ESM1-2-LR,ssp126,medio,0.4678754404792639,0.45140726088624694,1.646817959301694,3.648186686382715
qm_sin_recentrado,MPI-ESM1-2-LR,ssp245,lejano,0.48388719330718405,0.45140726088624694,3.2479932420937105,7.195261404783193
qm_sin_recentrado,MPI-ESM1-2-LR,ssp245,medio,0.4673789884764436,0.45140726088624694,1.597172759019666,3.5382079496992125
qm_sin_recentrado,MPI-ESM1-2-LR,ssp585,lejano,0.49295344356725745,0.45140726088624694,4.154618268101052,9.203702793668622
qm_sin_recentrado,MPI-ESM1-2-LR,ssp585,medio,0.4838896090008521,0.45140726088624694,3.2482348114605153,7.195796552060907
qm_sin_recentrado,NorESM2-MM,ssp126,lejano,0.41914451425946536,0.4494091618467002,-3.0264647587234847,-6.734319225463081
qm_sin_recentrado,NorESM2-MM,ssp126,medio,0.45588474104721755,0.4494091618467002,0.6475579200517334,1.4409094763240038
qm_sin_recentrado,NorESM2-MM,ssp245,lejano,0.46400969562711286,0.4494091618467002,1.460053378041265,3.248828688853722
qm_sin_recentrado,NorESM2-MM,ssp245,medio,0.46821111751637307,0.4494091618467002,1.8801955669672854,4.183705466175258
qm_sin_recentrado,NorESM2-MM,ssp585,lejano,0.4742849225975465,0.4494091618467002,2.48757607508463,5.535214424340507
qm_sin_recentrado,NorESM2-MM,ssp585,medio,0.47111761592800666,0.4494091618467002,2.1708454081306447,4.830443151648844
qm_recentrado,ACCESS-CM2,ssp126,lejano,0.46016315024692817,0.4501417496502982,1.0021400596629981,2.2262766349522733
qm_recentrado,ACCESS-CM2,ssp126,medio,0.44882319509779206,0.4501417496502982,-0.13185545525061237,-0.2929198532529931
qm_recentrado,ACCESS-CM2,ssp245,lejano,0.44224599191706065,0.4501417496502982,-0.789575773323753,-1.7540603019763235
qm_recentrado,ACCESS-CM2,ssp245,medio,0.4588413470303446,0.4501417496502982,0.8699597380046442,1.9326350836830652
qm_recentrado,ACCESS-CM2,ssp585,lejano,0.5078309766262382,0.4501417496502982,5.768922697594004,12.815791252590337
qm_recentrado,ACCESS-CM2,ssp585,medio,0.4832731275350196,0.4501417496502982,3.3131377884721425,7.360209958409825
qm_recentrado,CESM2,ssp126,lejano,0.4585704800182244,0.45211825555529234,0.6452224462932088,1.4271099172953106
qm_recentrado,CESM2,ssp126,medio,0.4520984168494524,0.45211825555529234,-0.00198387058399363,-0.004387946205708371
qm_recentrado,CESM2,ssp245,lejano,0.4538961755832268,0.45211825555529234,0.17779200279344765,0.3932422560002147
qm_recentrado,CESM2,ssp245,medio,0.4558710793155128,0.45211825555529234,0.37528237602204584,0.8300535787061358
qm_recentrado,CESM2,ssp585,lejano,0.46075680301585126,0.45211825555529234,0.8638547460558921,1.9106831795475898
qm_recentrado,CESM2,ssp585,medio,0.4460650941865078,0.45211825555529234,-0.6053161368784532,-1.3388447147196114
qm_recentrado,CESM2-WACCM,ssp126,lejano,0.4476272102582681,0.45310011147714613,-0.5472901218878001,-1.207879027227754
qm_recentrado,CESM2-WACCM,ssp126,medio,0.45800920978427695,0.45310011147714613,0.49090983071308214,1.0834467224311028
qm_recentrado,CESM2-WACCM,ssp245,lejano,0.454951231166783,0.45310011147714613,0.18511196896368598,0.40854540591528377
qm_recentrado,CESM2-WACCM,ssp245,medio,0.44246457522298843,0.45310011147714613,-1.0635536254157696,-2.3472817562293025
qm_recentrado,CESM2-WACCM,ssp585,lejano,0.4630510356623551,0.45310011147714613,0.9950924185208987,2.196186655696919
qm_recentrado,CESM2-WACCM,ssp585,medio,0.4431825745541266,0.45310011147714613,-0.9917536923019554,-2.1888180275850155
qm_recentrado,CMCC-CM2-SR5,ssp126,lejano,0.44536157030821405,0.45891369770961415,-1.3552127401400105,-2.9530884497536714
qm_recentrado,CMCC-CM2-SR5,ssp126,medio,0.46214199687548796,0.45891369770961415,0.32282991658738047,0.7034654188763367
qm_recentrado,CMCC-CM2-SR5,ssp245,lejano,0.4449913097144766,0.45891369770961415,-1.3922387995137564,-3.0337704157933465
qm_recentrado,CMCC-CM2-SR5,ssp245,medio,0.45738544632080835,0.45891369770961415,-0.15282513888058014,-0.33301498657223316
qm_recentrado,CMCC-CM2-SR5,ssp585,lejano,0.4487326000252803,0.45891369770961415,-1.018109768433384,-2.2185212023843603
qm_recentrado,CMCC-CM2-SR5,ssp585,medio,0.4684884731518937,0.45891369770961415,0.9574775442279526,2.0864000116070036
qm_recentrado,CMCC-ESM2,ssp126,lejano,0.44410642614328755,0.4583050168544603,-1.4198590711172743,-3.0980657398480216
qm_recentrado,CMCC-ESM2,ssp126,medio,0.45550481050037855,0.4583050168544603,-0.28002063540817357,-0.6109918615555876
qm_recentrado,CMCC-ESM2,ssp245,lejano,0.4567655589797059,0.4583050168544603,-0.1539457874754402,-0.3359024706559688
qm_recentrado,CMCC-ESM2,ssp245,medio,0.4533982089332057,0.4583050168544603,-0.49068079212545856,-1.0706424195249031
qm_recentrado,CMCC-ESM2,ssp585,lejano,0.4439482281782648,0.4583050168544603,-1.4356788676195498,-3.132583792063237
qm_recentrado,CMCC-ESM2,ssp585,medio,0.4537379855235741,0.4583050168544603,-0.45670313308862065,-0.996504764933992
qm_recentrado,CanESM5,ssp126,lejano,0.4795423230340186,0.45719982503407286,2.2342497999945756,4.886812456299761
qm_recentrado,CanESM5,ssp126,medio,0.4905478186321696,0.45719982503407286,3.3347993598096757,7.293964645680151
qm_recentrado,CanESM5,ssp245,lejano,0.46129815632343063,0.45719982503407286,0.40983312893577706,0.8963982628497957
qm_recentrado,CanESM5,ssp245,medio,0.46375105753885476,0.45719982503407286,0.6551232504781901,1.432903545904396
qm_recentrado,CanESM5,ssp585,lejano,0.4832552516061481,0.45719982503407286,2.605542657207521,5.698914379534914
qm_recentrado,CanESM5,ssp585,medio,0.4515656319161717,0.45719982503407286,-0.5634193117901143,-1.2323261754269565
qm_recentrado,EC-Earth3,ssp126,lejano,0.45371271395072543,0.4576185688639334,-0.390585491320794,-0.8535175753257684
qm_recentrado,EC-Earth3,ssp126,medio,0.45389671444348384,0.4576185688639334,-0.3721854420449533,-0.813309309036403
qm_recentrado,EC-Earth3,ssp245,lejano,0.4575664449696221,0.4576185688639334,-0.0052123894311251195,-0.011390248966658412
qm_recentrado,EC-Earth3,ssp245,medio,0.4509880027965794,0.4576185688639334,-0.663056606735396,-1.448928544096184
qm_recentrado,EC-Earth3,ssp585,lejano,0.45486403407340764,0.4576185688639334,-0.2754534790525731,-0.6019281073676774
qm_recentrado,EC-Earth3,ssp585,medio,0.446561092110599,0.4576185688639334,-1.105747675333435,-2.416308582229354
qm_recentrado,IPSL-CM6A-LR,ssp126,lejano,0.4676459284120481,0.4612947355903656,0.6351192821682505,1.3768188387309976
qm_recentrado,IPSL-CM6A-LR,ssp126,medio,0.46699804945933937,0.4612947355903656,0.570331386897377,1.2363708988949673
qm_recentrado,IPSL-CM6A-LR,ssp245,lejano,0.46941976188275397,0.4612947355903656,0.8125026292388371,1.7613524858439922
qm_recentrado,IPSL-CM6A-LR,ssp245,medio,0.465922813637785,0.4612947355903656,0.46280780474193817,1.0032800485998195
qm_recentrado,IPSL-CM6A-LR,ssp585,lejano,0.4725663372093274,0.4612947355903656,1.127160161896179,2.4434706813933893
qm_recentrado,IPSL-CM6A-LR,ssp585,medio,0.4722842314637686,0.4612947355903656,1.0989495873402977,2.38231547544947
qm_recentrado,MIROC6,ssp126,lejano,0.44503936397813076,0.4773969357626156,-3.235757178448484,-6.777917778796672
qm_recentrado,MIROC6,ssp126,medio,0.4431271905493746,0.4773969357626156,-3.4269745213241,-7.178459400560866
qm_recentrado,MIROC6,ssp245,lejano,0.442882507442641,0.4773969357626156,-3.4514428319974586,-7.229712998647486
qm_recentrado,MIROC6,ssp245,medio,0.43806710788280134,0.4773969357626156,-3.932982787981426,-8.238391353934226
qm_recentrado,MIROC6,ssp585,lejano,0.4447985650059802,0.4773969357626156,-3.259837075663541,-6.828357769946991
qm_recentrado,MIROC6,ssp585,medio,0.4420416789417815,0.4773969357626156,-3.5355256820834127,-7.405840752696924
qm_recentrado,MPI-ESM1-2-HR,ssp126,lejano,0.46154175588755464,0.4520205786154947,0.9521177272059922,2.106359250550627
qm_recentrado,MPI-ESM1-2-HR,ssp126,medio,0.44993007958547454,0.4520205786154947,-0.20904990300201765,-0.46247872971253434
qm_recentrado,MPI-ESM1-2-HR,ssp245,lejano,0.46447423655044573,0.4520205786154947,1.2453657934951012,2.7551086220666487
qm_recentrado,MPI-ESM1-2-HR,ssp245,medio,0.4537590021329904,0.4520205786154947,0.1738423517495702,0.384589463342655
qm_recentrado,MPI-ESM1-2-HR,ssp585,lejano,0.47502250332415275,0.4520205786154947,2.300192470865803,5.088689718311312
qm_recentrado,MPI-ESM1-2-HR,ssp585,medio,0.44859185194374,0.4520205786154947,-0.34287266717547005,-0.7585333132966277
qm_recentrado,MPI-ESM1-2-LR,ssp126,lejano,0.45699094635522935,0.4542801986726942,0.2710747682535153,0.5967127095689806
qm_recentrado,MPI-ESM1-2-LR,ssp126,medio,0.45998664569382436,0.4542801986726942,0.5706447021130157,1.2561513880206876
qm_recentrado,MPI-ESM1-2-LR,ssp245,lejano,0.47247157268816353,0.4542801986726942,1.819137401546933,4.004439125592629
qm_recentrado,MPI-ESM1-2-LR,ssp245,medio,0.4536578836879396,0.4542801986726942,-0.06223149847546239,-0.1369892384860516
qm_recentrado,MPI-ESM1-2-LR,ssp585,lejano,0.4731263067239439,0.4542801986726942,1.88461080512497,4.1485647198169495
qm_recentrado,MPI-ESM1-2-LR,ssp585,medio,0.4618418109603256,0.4542801986726942,0.7561612287631414,1.664526058966409
qm_recentrado,NorESM2-MM,ssp126,lejano,0.43366637046446666,0.45236498826057003,-1.8698617796103378,-4.133524539112354
qm_recentrado,NorESM2-MM,ssp126,medio,0.4658259097194574,0.45236498826057003,1.3460921458887387,2.9756771209565214
qm_recentrado,NorESM2-MM,ssp245,lejano,0.45358729473520576,0.45236498826057003,0.1222306474635726,0.27020359805822736
qm_recentrado,NorESM2-MM,ssp245,medio,0.4557264465060192,0.45236498826057003,0.3361458245449145,0.7430854139208742
qm_recentrado,NorESM2-MM,ssp585,lejano,0.46046018233655583,0.45236498826057003,0.8095194075985801,1.7895271044546135
qm_recentrado,NorESM2-MM,ssp585,medio,0.452816651708838,0.45236498826057003,0.045166344826796934,0.09984491726575673
