method,model,years,cf_historical_mean,cf_historical_std,energy_equivalent_mean_GWh
qm_recentrado,ACCESS-CM2,34,0.4501417496502982,0.03769103306789211,4343.875086393372
qm_recentrado,MPI-ESM1-2-HR,34,0.4520205786154947,0.03298036376314742,4362.0058159687815
qm_recentrado,CESM2,34,0.45211825555529234,0.034065467685481035,4362.94840000066
qm_recentrado,NorESM2-MM,34,0.45236498826057003,0.03503184672020411,4365.329374554312
qm_recentrado,CESM2-WACCM,34,0.45310011147714613,0.030948231449961682,4372.423325356243
qm_recentrado,MPI-ESM1-2-LR,34,0.4542801986726942,0.027777345107333245,4383.811185674677
qm_recentrado,CanESM5,34,0.45719982503407286,0.03348546585314846,4411.985626776003
qm_recentrado,EC-Earth3,34,0.4576185688639334,0.027625690300305268,4416.026511434058
qm_recentrado,CMCC-ESM2,34,0.4583050168544603,0.0285336741521014,4422.650745525811
qm_recentrado,CMCC-CM2-SR5,34,0.45891369770961415,0.028819309298946487,4428.524525516939
qm_recentrado,IPSL-CM6A-LR,34,0.4612947355903656,0.025232908695427294,4451.501579162797
qm_recentrado,MIROC6,34,0.4773969357626156,0.027701205628541586,4606.888068460212
qm_sin_recentrado,ACCESS-CM2,34,0.44832967377529753,0.038574697627586474,4326.388525206401
qm_sin_recentrado,CESM2,34,0.44870926811776557,0.036691993888097775,4330.051616684727
qm_sin_recentrado,NorESM2-MM,34,0.4494091618467002,0.036495146253350055,4336.805602367246
qm_sin_recentrado,MPI-ESM1-2-HR,34,0.4502985716399104,0.03359844842688964,4345.388421102281
qm_sin_recentrado,CESM2-WACCM,34,0.45032376898429843,0.03242223879999389,4345.631575878783
qm_sin_recentrado,MPI-ESM1-2-LR,34,0.45140726088624694,0.028723644513519272,4356.087290068457
qm_sin_recentrado,CanESM5,34,0.45362983703195026,0.03502400445696592,4377.535185435712
qm_sin_recentrado,EC-Earth3,34,0.4540438299210466,0.028985954334084737,4381.5302234393785
qm_sin_recentrado,CMCC-ESM2,34,0.4549474057352271,0.030151161177348444,4390.249744503432
qm_sin_recentrado,CMCC-CM2-SR5,34,0.45566290849041513,0.030250091211976853,4397.1543575390415
qm_sin_recentrado,IPSL-CM6A-LR,34,0.458097924507419,0.025472271606618205,4420.652301063385
qm_sin_recentrado,MIROC6,34,0.4749215475124732,0.02820649837141466,4583.000532240126
