method,scenario,horizon,n_models,n_model_years,mean_GWh,q10,q25,q50,q75,q90,P90_exceedance_GWh,P50_exceedance_GWh,P10_exceedance_GWh
qm_sin_recentrado,historical,historico,12,408,4382.539614627414,3972.108174887879,4196.483735820488,4417.44696489598,4612.851249664093,4742.900824294326,3972.108174887879,4417.44696489598,4742.900824294326
qm_sin_recentrado,ssp126,medio,12,360,4372.701813297932,3882.3407027696294,4151.729670846387,4430.335300366346,4622.8241418457565,4791.606311329998,3882.3407027696294,4430.335300366346,4791.606311329998
qm_sin_recentrado,ssp126,lejano,12,360,4324.0339933524165,3879.4893186705403,4098.231553065355,4352.4834640917325,4590.349525026014,4784.004642205522,3879.4893186705403,4352.4834640917325,4784.004642205522
qm_sin_recentrado,ssp245,medio,12,360,4407.109647567935,3962.4018406819473,4223.873194230021,4460.124833840692,4627.576113478365,4813.890086140064,3962.4018406819473,4460.124833840692,4813.890086140064
qm_sin_recentrado,ssp245,lejano,12,360,4417.30772808929,3951.403632959559,4218.133584402994,4474.334547802781,4665.483036209485,4817.134886402042,3951.403632959559,4474.334547802781,4817.134886402042
qm_sin_recentrado,ssp585,medio,12,360,4537.908995433255,4048.5192356554226,4312.472954375927,4604.918213314286,4800.840423101137,4937.522236037613,4048.5192356554226,4604.918213314286,4937.522236037613
qm_sin_recentrado,ssp585,lejano,12,360,4598.341785091564,4065.341383129228,4419.8149695845605,4645.493975135183,4852.579155136905,5018.501043517195,4065.341383129228,4645.493975135183,5018.501043517195
qm_recentrado,historical,historico,12,408,4410.664187068655,4026.9292753441555,4232.818888536654,4448.761969561527,4633.875552448293,4766.242063059409,4026.9292753441555,4448.761969561527,4766.242063059409
qm_recentrado,ssp126,medio,12,360,4428.46474742742,3970.1409515993473,4227.213309621628,4472.645840752566,4670.733508992405,4808.730492374619,3970.1409515993473,4472.645840752566,4808.730492374619
qm_recentrado,ssp126,lejano,12,360,4385.906730866066,4005.3022302841277,4185.844909004534,4402.345097725146,4591.877636188265,4782.094944159374,4005.3022302841277,4402.345097725146,4782.094944159374
qm_recentrado,ssp245,medio,12,360,4382.581280627815,3970.700345223215,4238.9754402243725,4420.494498075273,4582.714503183668,4740.7604332288265,3970.700345223215,4420.494498075273,4740.7604332288265
qm_recentrado,ssp245,lejano,12,360,4402.458118971274,3974.145987642548,4254.590695953229,4422.598004749699,4623.448691071669,4766.568801383122,3974.145987642548,4422.598004749699,4766.568801383122
qm_recentrado,ssp585,medio,12,360,4399.1609996473335,3875.7843734343833,4188.044790799156,4437.375926103709,4680.521053610983,4784.064189873222,3875.7843734343833,4437.375926103709,4784.064189873222
qm_recentrado,ssp585,lejano,12,360,4494.022763679551,4039.203006706556,4301.9562395702305,4533.465028151799,4732.981703046473,4899.080982294652,4039.203006706556,4533.465028151799,4899.080982294652
