method,scenario,horizon,n_models,models_nonnegative,fraction_models_nonnegative,min,max,mean,q10,q25,q50,q75,q90
qm_sin_recentrado,ssp126,lejano,12,5,0.4166666666666667,-7.015370067792482,5.892028690028783,-1.3165626612878265,-6.91840283125105,-4.538465448596652,-2.878612160737731,2.3843077292302284,4.784030600432401
qm_sin_recentrado,ssp126,medio,12,4,0.3333333333333333,-7.481726911468467,7.5336791994008,-0.20202596779499996,-5.060637520841014,-2.3890345634963532,-0.5624398357286675,1.9927287788386816,5.425865694136689
qm_sin_recentrado,ssp245,lejano,12,7,0.5833333333333334,-7.920758023379393,7.195261404783193,0.8330236599865936,-6.91752432353603,-1.9757649152672614,3.214132104419487,3.65627992530253,6.329183031530357
qm_sin_recentrado,ssp245,medio,12,8,0.6666666666666666,-8.207308291624393,5.908482124145054,0.6040276869888404,-4.757322162172585,-3.047724081591638,2.719451775980475,3.7031233255066907,4.148489633894821
qm_sin_recentrado,ssp585,lejano,12,9,0.75,-5.5433281018007925,17.424234377097704,4.989085700324261,-4.595107833422089,0.027102010877827487,6.293260828635838,8.98530498014572,9.75828606242295
qm_sin_recentrado,ssp585,medio,12,9,0.75,-5.671149244744034,12.811304978804984,3.5944134124804683,-1.570547986961388,0.8168005777427073,4.615485268960084,6.901505261808621,7.194410844034594
qm_recentrado,ssp126,lejano,12,6,0.5,-6.777917778796672,4.886812456299761,-0.5336586085555244,-4.029978659185921,-2.989332772277259,-0.12840243287839392,1.5969222506091396,2.2142848965121087
qm_recentrado,ssp126,medio,12,6,0.5,-7.178459400560866,7.293964645680151,0.4322107578779728,-0.7930775642883214,-0.49960701267329766,0.3495387363353142,1.2413160211763974,2.8037245476629384
qm_recentrado,ssp245,lejano,12,7,0.5833333333333334,-7.229712998647486,4.004439125592629,-0.1562955566427493,-2.905799404411644,-0.6904419284860575,0.331722927029221,1.1126368185983448,2.6557330084443835
qm_recentrado,ssp245,medio,12,6,0.5,-8.238391353934226,1.9326350836830652,-0.6040584303904962,-2.2574464350159906,-1.1652139506677233,0.12380011242830169,0.8733601961795567,1.3899411961739385
qm_recentrado,ssp585,lejano,12,8,0.6666666666666666,-6.828357769946991,12.815791252590337,1.9425364016319797,-3.0411775330953494,-1.006076381121848,2.0534349176222544,4.38359596944054,5.637891913412554
qm_recentrado,ssp585,medio,12,5,0.4166666666666667,-7.405840752696924,7.360209958409825,-0.22865665909916802,-2.39355952676492,-1.5513380429359624,-0.8775190391153098,1.7699945471265577,2.3527239290652235
