method,scenario,horizon,month,n_models,q10,q25,q50,q75,q90
qm_sin_recentrado,historical,historico,1,12,0.5146723001559319,0.5149773026323964,0.5177462947262009,0.5191696120868966,0.5216581282947943
qm_sin_recentrado,historical,historico,2,12,0.519864720024245,0.5210480890946434,0.5235121553665542,0.525924829133881,0.5278102580682089
qm_sin_recentrado,historical,historico,3,12,0.5123412807344634,0.5139191728502146,0.5148723996060152,0.518096903166085,0.5204814050412347
qm_sin_recentrado,historical,historico,4,12,0.48507406095523836,0.48591745471432574,0.4895877248130277,0.49241466727848315,0.4946553293464817
qm_sin_recentrado,historical,historico,5,12,0.4384203228093609,0.4394549547531178,0.4416043696038907,0.44560285600060223,0.44912462534167447
qm_sin_recentrado,historical,historico,6,12,0.4995917383140893,0.5016929437187863,0.5057077480009818,0.5104358125707125,0.511495503440958
qm_sin_recentrado,historical,historico,7,12,0.5239699223143072,0.5246853690516962,0.5271371565696827,0.5329142945508949,0.5366548750526129
qm_sin_recentrado,historical,historico,8,12,0.45158282274005745,0.4527252616405448,0.4540890790619816,0.4583913947378714,0.46186694182262444
qm_sin_recentrado,historical,historico,9,12,0.33912473106446966,0.3423677698147246,0.34485932152465393,0.3462873829472388,0.3476246984540534
qm_sin_recentrado,historical,historico,10,12,0.2713573262914398,0.2719816413096904,0.2758399524493619,0.27782705472372804,0.28113227079105885
qm_sin_recentrado,historical,historico,11,12,0.35644135904454094,0.35740008165399956,0.3600546805776955,0.3624179975247885,0.3626329627979833
qm_sin_recentrado,historical,historico,12,12,0.47450278774305593,0.4747240393723708,0.47710066566469245,0.48138580097862493,0.4839848255322324
qm_sin_recentrado,ssp126,medio,1,12,0.5014737819527169,0.5042480226383098,0.5142987227930449,0.5203362557132196,0.5274709529815348
qm_sin_recentrado,ssp126,medio,2,12,0.49680443840382077,0.5076992772416804,0.5164791370216762,0.5328876705489926,0.5355361240794286
qm_sin_recentrado,ssp126,medio,3,12,0.4819047250776169,0.4862196598471238,0.5096825132803324,0.5204539446632983,0.5207400665544084
qm_sin_recentrado,ssp126,medio,4,12,0.436522968998257,0.45635458736241924,0.47379113795838157,0.4988222217841517,0.5057574887786366
qm_sin_recentrado,ssp126,medio,5,12,0.3737912192177187,0.4125383190209951,0.42118733664609265,0.4602339048677589,0.4738907200038875
qm_sin_recentrado,ssp126,medio,6,12,0.48963485094350706,0.49303288280196783,0.5102890052940185,0.5229583137347025,0.5313516044725254
qm_sin_recentrado,ssp126,medio,7,12,0.5244876562814487,0.5301963760511166,0.5337394233901516,0.5369795197558008,0.5405361634441411
qm_sin_recentrado,ssp126,medio,8,12,0.42557732719501323,0.4399177558553941,0.47022611957892313,0.49430918913653304,0.5036040324197341
qm_sin_recentrado,ssp126,medio,9,12,0.32723727423520466,0.3416262960894837,0.36953304422139277,0.399571818696582,0.4079040337947761
qm_sin_recentrado,ssp126,medio,10,12,0.2666709669441403,0.2788882120739879,0.2869925658005327,0.3309664565962057,0.3383694366915122
qm_sin_recentrado,ssp126,medio,11,12,0.30617226300469896,0.32979869993433575,0.3472559072865661,0.38574745852004566,0.40536892284602044
qm_sin_recentrado,ssp126,medio,12,12,0.4504482347758383,0.4537573335745544,0.4669571902550461,0.48631716898019794,0.5005368525238012
qm_sin_recentrado,ssp126,lejano,1,12,0.4851329830952323,0.5021925630158154,0.5150318554588666,0.5217221066471079,0.5288993058205738
qm_sin_recentrado,ssp126,lejano,2,12,0.49321790567185686,0.5048215806710301,0.5154401476469448,0.525376941047201,0.5307663337291131
qm_sin_recentrado,ssp126,lejano,3,12,0.4752683618773444,0.4897212643214667,0.5115610778938551,0.5166547675638711,0.5260597196002382
qm_sin_recentrado,ssp126,lejano,4,12,0.4143222146187547,0.4441874454558771,0.47785278522568797,0.4922664722763223,0.5057140080660991
qm_sin_recentrado,ssp126,lejano,5,12,0.3537147308663542,0.3845692643549883,0.42694785226922544,0.4572587964545417,0.47206674165963525
qm_sin_recentrado,ssp126,lejano,6,12,0.48337838958954626,0.4880087882828221,0.5065264568251583,0.5141471256990074,0.5347450664289404
qm_sin_recentrado,ssp126,lejano,7,12,0.5207801982234358,0.5282549375811867,0.5303323540405984,0.532532369381431,0.5418885679193809
qm_sin_recentrado,ssp126,lejano,8,12,0.42198833319055795,0.4500284235305602,0.4740340470381595,0.4876262124964022,0.4987400320562803
qm_sin_recentrado,ssp126,lejano,9,12,0.29456717345165156,0.3542967221103691,0.372604239119575,0.38922031421094333,0.42943011039306417
qm_sin_recentrado,ssp126,lejano,10,12,0.2466912465169332,0.2721130862155121,0.2850102330831708,0.2934300832272084,0.30023499935992704
qm_sin_recentrado,ssp126,lejano,11,12,0.3242778727010375,0.33719983688560007,0.35222084361457484,0.37472557137860124,0.38355876668165795
qm_sin_recentrado,ssp126,lejano,12,12,0.4415378866892669,0.45561816311728753,0.4680143576921302,0.47963488221318473,0.4964937518856948
qm_sin_recentrado,ssp245,medio,1,12,0.5091450214406588,0.5101990868725209,0.5119933114127408,0.5157830680762763,0.519242430934035
qm_sin_recentrado,ssp245,medio,2,12,0.5110302283251893,0.5123263226680551,0.5170651749204667,0.5276889252073189,0.5328175029744802
qm_sin_recentrado,ssp245,medio,3,12,0.49087930808731434,0.5027341160549152,0.5098712736707516,0.5140411551988855,0.5218591633762604
qm_sin_recentrado,ssp245,medio,4,12,0.4669696039653027,0.4773139316932835,0.4890593186557344,0.49418500311668606,0.4995423385442178
qm_sin_recentrado,ssp245,medio,5,12,0.41526796611153016,0.42722944725293377,0.45330578059982707,0.46391450494686237,0.46891220180061954
qm_sin_recentrado,ssp245,medio,6,12,0.48846219301732335,0.5030295925024282,0.5112018407587595,0.5190148273780827,0.5273628214070408
qm_sin_recentrado,ssp245,medio,7,12,0.5131697696979576,0.5218661958358466,0.5320757199220824,0.5355980069198218,0.5388594587013654
qm_sin_recentrado,ssp245,medio,8,12,0.41591303494119575,0.44009836356936183,0.4755677249121054,0.4950787498935958,0.49870309134415625
qm_sin_recentrado,ssp245,medio,9,12,0.30300060148994234,0.3466661229044483,0.38382601368081215,0.4033137663483644,0.40996999438326975
qm_sin_recentrado,ssp245,medio,10,12,0.24380933134402616,0.2702314298851514,0.29930729308459947,0.3222549836807915,0.3305972611611261
qm_sin_recentrado,ssp245,medio,11,12,0.3182197250401758,0.33709124155157566,0.37148654290118677,0.3841873031488678,0.39760117204436146
qm_sin_recentrado,ssp245,medio,12,12,0.45517502288455547,0.4685697764561622,0.4790784480062518,0.48741090856596814,0.4949286778571943
qm_sin_recentrado,ssp245,lejano,1,12,0.5047810149004107,0.5091374078934062,0.512843438050533,0.5197975532726589,0.5233782793515628
qm_sin_recentrado,ssp245,lejano,2,12,0.5115504861126847,0.5123609901139097,0.5173126511941468,0.5309672821807799,0.532863476009015
qm_sin_recentrado,ssp245,lejano,3,12,0.49625054250389095,0.4969996741940454,0.5089639696440666,0.5111792446520469,0.5185312924309845
qm_sin_recentrado,ssp245,lejano,4,12,0.4519353355119806,0.457062265544177,0.4768034129751101,0.49668781239835114,0.5080233041040253
qm_sin_recentrado,ssp245,lejano,5,12,0.416333729042511,0.43845636736305016,0.4408894270663388,0.4646551779493237,0.49532904791825844
qm_sin_recentrado,ssp245,lejano,6,12,0.4868119338035792,0.49750567061977446,0.5135161110158066,0.5300498623778694,0.5356535040172568
qm_sin_recentrado,ssp245,lejano,7,12,0.5203297935254305,0.5238757995958322,0.5302291303589586,0.5368099057693388,0.5372588865614837
qm_sin_recentrado,ssp245,lejano,8,12,0.4184376158348051,0.4597748588928276,0.48890993735962535,0.4985430869217748,0.5031399462201318
qm_sin_recentrado,ssp245,lejano,9,12,0.317801837526259,0.3697110891824009,0.3922001068862617,0.4251088595474384,0.4361074568922023
qm_sin_recentrado,ssp245,lejano,10,12,0.24965494238917327,0.276089773841361,0.30851052237695586,0.3339585295104013,0.33911034650935573
qm_sin_recentrado,ssp245,lejano,11,12,0.3133609541587822,0.3345078686598113,0.3565498603439473,0.3951237694458187,0.41013855254207693
qm_sin_recentrado,ssp245,lejano,12,12,0.44072120925559294,0.4632559666753689,0.47856174362688,0.48394039673974476,0.48991442654551837
qm_sin_recentrado,ssp585,medio,1,12,0.5076217024467481,0.5094866928592243,0.5149159568719648,0.5264903891446536,0.5326110008629212
qm_sin_recentrado,ssp585,medio,2,12,0.5130832573514037,0.5150237456684011,0.5194635348476185,0.5306408638417477,0.5371640436462798
qm_sin_recentrado,ssp585,medio,3,12,0.4925043081073704,0.4977985077903535,0.5170729682505032,0.5254500711891164,0.526912212759977
qm_sin_recentrado,ssp585,medio,4,12,0.46312081384350684,0.4764779740225235,0.5015796703866139,0.5148053884398937,0.5239859134443463
qm_sin_recentrado,ssp585,medio,5,12,0.4315995248423725,0.4449599333132537,0.46383239038253643,0.47640535167958353,0.4921412599781679
qm_sin_recentrado,ssp585,medio,6,12,0.49720998766383556,0.5104753985322241,0.518417293505226,0.5348260272550367,0.5471626445707682
qm_sin_recentrado,ssp585,medio,7,12,0.5229804148522672,0.5279453750811839,0.533835667269158,0.5397268309086121,0.5437397013823537
qm_sin_recentrado,ssp585,medio,8,12,0.424177516075215,0.4572226436667409,0.4931689687136034,0.49700956595878854,0.503132153408242
qm_sin_recentrado,ssp585,medio,9,12,0.3562719739141822,0.36123834269145916,0.4135064147821579,0.4316423803532535,0.44596810391746355
qm_sin_recentrado,ssp585,medio,10,12,0.28467406408352436,0.3180031572158514,0.3326306152214713,0.351180654566865,0.3617027521135583
qm_sin_recentrado,ssp585,medio,11,12,0.3557109992135553,0.3582612736261443,0.36919473349206644,0.40302883625116753,0.42073952948795806
qm_sin_recentrado,ssp585,medio,12,12,0.4715258948864814,0.47294461621563144,0.4878715039956588,0.4957224636571569,0.5106372966925296
qm_sin_recentrado,ssp585,lejano,1,12,0.496361676183737,0.5083483455536036,0.5178035203438514,0.5254250582748368,0.5282770109166577
qm_sin_recentrado,ssp585,lejano,2,12,0.49881983365098653,0.5066498323040812,0.5207259255051391,0.5364645980655094,0.5430190343062318
qm_sin_recentrado,ssp585,lejano,3,12,0.47984718327588155,0.4964668824212779,0.5168832176364697,0.5225442833559051,0.5341880415809677
qm_sin_recentrado,ssp585,lejano,4,12,0.4614069574420419,0.4798143487112135,0.4932100031619155,0.5069216557418,0.5177027053509942
qm_sin_recentrado,ssp585,lejano,5,12,0.426273522230846,0.442187044786178,0.4658866356459767,0.5101474806480226,0.5173682729730767
qm_sin_recentrado,ssp585,lejano,6,12,0.49623651737795205,0.5020512565260162,0.5242782124065248,0.5400676644155463,0.542708612941656
qm_sin_recentrado,ssp585,lejano,7,12,0.5178536173767186,0.5211514274389493,0.5295221624994886,0.5394561799269552,0.5423767869017827
qm_sin_recentrado,ssp585,lejano,8,12,0.38077855806035016,0.4728093657908548,0.5030250438592969,0.5188832889538038,0.532941715065344
qm_sin_recentrado,ssp585,lejano,9,12,0.33537470987844353,0.39098884979324067,0.45646850477964906,0.47775818834373046,0.49654197536512246
qm_sin_recentrado,ssp585,lejano,10,12,0.2732968796918714,0.32533937064235807,0.36629595229784745,0.42055483985596376,0.44564112745921175
qm_sin_recentrado,ssp585,lejano,11,12,0.3474870533939436,0.3484741676270402,0.39307367095340406,0.4029375212085382,0.44492366606754563
qm_sin_recentrado,ssp585,lejano,12,12,0.46835112513363575,0.47165238217334043,0.48742411953943615,0.49848661368552166,0.5161695715413477
qm_recentrado,historical,historico,1,12,0.5199576530415388,0.5200817387792338,0.5237594935434366,0.5262100029262893,0.5283761324228793
qm_recentrado,historical,historico,2,12,0.525412562586969,0.5256042460458362,0.5298249241084858,0.532959737804134,0.5348974406022702
qm_recentrado,historical,historico,3,12,0.5163431417694975,0.5174513583519813,0.5222411350902317,0.5248010381030864,0.5269740668143764
qm_recentrado,historical,historico,4,12,0.48937478444025223,0.4898950525985467,0.4946753359222541,0.4974260760100174,0.5006361433691512
qm_recentrado,historical,historico,5,12,0.43902088835069913,0.44002789795300323,0.44226326213705075,0.44622934803461733,0.4498554134180884
qm_recentrado,historical,historico,6,12,0.5045282581335039,0.5051023721692766,0.5094022555877588,0.5131445906879826,0.5136811233039927
qm_recentrado,historical,historico,7,12,0.5296479172106916,0.529832317085757,0.5325695600149247,0.5362302296043784,0.5397357960091657
qm_recentrado,historical,historico,8,12,0.4528441244894878,0.45405290971621415,0.45522139974014086,0.45938449639886914,0.46295975296783115
qm_recentrado,historical,historico,9,12,0.3391028580932994,0.34241936379694665,0.3448216964678308,0.34627264228205545,0.34769786730896607
qm_recentrado,historical,historico,10,12,0.2711176648347017,0.27173228050218967,0.2756121125255099,0.2775656298713207,0.2808903590292698
qm_recentrado,historical,historico,11,12,0.3565296901183111,0.3575004952077546,0.36017970299562996,0.36254598454383946,0.36274946781992135
qm_recentrado,historical,historico,12,12,0.47818650005032665,0.47895527690292267,0.4817622131606972,0.48481630355644434,0.48797125825625975
qm_recentrado,ssp126,medio,1,12,0.515364591073859,0.5166469484886269,0.5234614810432103,0.5252813836583541,0.5263820027868766
qm_recentrado,ssp126,medio,2,12,0.5220231088818393,0.5241450421823071,0.5268701857597471,0.534685678153944,0.5360477089548005
qm_recentrado,ssp126,medio,3,12,0.506311036231031,0.5158717217555268,0.5191973311372191,0.5233882523807863,0.5274566878597959
qm_recentrado,ssp126,medio,4,12,0.47887151180753923,0.4877671846908641,0.4927909140597223,0.4989636760387022,0.5122417764549697
qm_recentrado,ssp126,medio,5,12,0.4275816775729466,0.43029076983457026,0.44036326841153195,0.46149436337455063,0.4661523274462861
qm_recentrado,ssp126,medio,6,12,0.4967724931908027,0.5014411775449125,0.5135220398161636,0.521096413497355,0.5370010646700503
qm_recentrado,ssp126,medio,7,12,0.5287513485187513,0.532805647575339,0.5347393881232372,0.538554099854027,0.5404239089252687
qm_recentrado,ssp126,medio,8,12,0.43785159772617566,0.45638902938490833,0.4682830900757201,0.4836592857502781,0.4940904593987552
qm_recentrado,ssp126,medio,9,12,0.3388517472737882,0.3403491153518402,0.3499123983546736,0.35383723539965206,0.35899270468952194
qm_recentrado,ssp126,medio,10,12,0.26398982023518164,0.26629192281752323,0.28166760738265384,0.2965874557403905,0.302677313192635
qm_recentrado,ssp126,medio,11,12,0.33553052428164876,0.3478836841157672,0.3644536315811117,0.37065294348339317,0.3824359789568641
qm_recentrado,ssp126,medio,12,12,0.47137308975493775,0.4746921592079908,0.4824182016062177,0.49045988895952647,0.49373374270433995
qm_recentrado,ssp126,lejano,1,12,0.5080320138049638,0.5186163530433517,0.5240158508225392,0.526582317228555,0.5305195378324163
qm_recentrado,ssp126,lejano,2,12,0.519163426456551,0.5209130863654883,0.5274956203837537,0.5292612382016096,0.532657345560931
qm_recentrado,ssp126,lejano,3,12,0.5084666742389322,0.5119871642960254,0.5207413480335912,0.52240257363226,0.5254566403451821
qm_recentrado,ssp126,lejano,4,12,0.4705213822727069,0.4808939512615651,0.4874379835898397,0.4935206765656973,0.5094596024649736
qm_recentrado,ssp126,lejano,5,12,0.4061266205977425,0.41259157014222325,0.4444882568731827,0.4548255752454212,0.4625751233478864
qm_recentrado,ssp126,lejano,6,12,0.49569591562329135,0.49701571425046376,0.5090764116533408,0.5146998279498443,0.5385511158162709
qm_recentrado,ssp126,lejano,7,12,0.5275840376880039,0.5304575496696702,0.5317864714447811,0.5338968210390399,0.5424952172842508
qm_recentrado,ssp126,lejano,8,12,0.4419988740021287,0.45417213180938454,0.4672562876429859,0.4774659652099461,0.4872194428954106
qm_recentrado,ssp126,lejano,9,12,0.3059558700197063,0.3264722230204879,0.35071747973485556,0.370846434403577,0.37554821492944557
qm_recentrado,ssp126,lejano,10,12,0.2501479216130046,0.2534045398570972,0.26914487122379394,0.2805584267503749,0.2853223279961387
qm_recentrado,ssp126,lejano,11,12,0.3356996181288938,0.3550248408899556,0.36887994887859504,0.3745328475604256,0.3753735419686879
qm_recentrado,ssp126,lejano,12,12,0.46883226968060177,0.4760572254944133,0.4793370648739119,0.481955861484318,0.4921768971214331
qm_recentrado,ssp245,medio,1,12,0.511362287668658,0.514214717068739,0.5157840001844423,0.5225459815946385,0.5259891123484575
qm_recentrado,ssp245,medio,2,12,0.5228153326762309,0.5244326555340224,0.5281321505907607,0.5294227277482881,0.5302746438417211
qm_recentrado,ssp245,medio,3,12,0.506070776600517,0.5087457657059945,0.5120398882279062,0.5217927976589036,0.5237747364073669
qm_recentrado,ssp245,medio,4,12,0.4859692147348859,0.4897687088707102,0.4933012868440847,0.49571283698000634,0.49830008290459105
qm_recentrado,ssp245,medio,5,12,0.4188947002879272,0.4283270896306011,0.4446405957839221,0.4535794125802731,0.47037320436220975
qm_recentrado,ssp245,medio,6,12,0.4990385635403331,0.5035138981614458,0.5114044016643837,0.5179498765848982,0.5260542435915344
qm_recentrado,ssp245,medio,7,12,0.5265640610709639,0.5297372042201901,0.5328809762407465,0.5347756752421425,0.5391335805743457
qm_recentrado,ssp245,medio,8,12,0.4419610147757969,0.450103377317961,0.4629753964069526,0.48051618600134616,0.48421461923279946
qm_recentrado,ssp245,medio,9,12,0.32351577639411977,0.3347274442022415,0.3454143034093728,0.35668169253599136,0.36209560148283476
qm_recentrado,ssp245,medio,10,12,0.25341449314555714,0.2623250079110504,0.2694624952072603,0.2801008978748885,0.285936167041045
qm_recentrado,ssp245,medio,11,12,0.3433335107407175,0.34441695718108156,0.355100064712963,0.36812639119441704,0.37818891130088755
qm_recentrado,ssp245,medio,12,12,0.4770923736240733,0.4778105966824777,0.4808425857962617,0.4854354859221141,0.4864676030573443
qm_recentrado,ssp245,lejano,1,12,0.5070658955007493,0.5115515608427066,0.5172270160587229,0.5243094833063271,0.5271712041292841
qm_recentrado,ssp245,lejano,2,12,0.5156087309513679,0.5186287823688638,0.5283609597119728,0.5316165485911049,0.5336062632417032
qm_recentrado,ssp245,lejano,3,12,0.49865261069141165,0.5066961199642492,0.5129676932834608,0.5171777382353124,0.5218783611951309
qm_recentrado,ssp245,lejano,4,12,0.46301685956056415,0.46963815077104354,0.49124150320128407,0.4986770716919998,0.5047462310529391
qm_recentrado,ssp245,lejano,5,12,0.426005947731217,0.4310393047296799,0.44846034310698346,0.45826502861447316,0.47735059851393447
qm_recentrado,ssp245,lejano,6,12,0.4913888823007715,0.5019912290299932,0.5135472490380997,0.5288189262047389,0.535647335415997
qm_recentrado,ssp245,lejano,7,12,0.5264719945076686,0.5301094541823506,0.5335926759039995,0.5366552033279635,0.5390333119802866
qm_recentrado,ssp245,lejano,8,12,0.4395129756571946,0.469197076423127,0.47746724999279677,0.48417204923480284,0.49219981298380366
qm_recentrado,ssp245,lejano,9,12,0.3423277738905185,0.3470461339922544,0.36160161488428677,0.3722286747911031,0.3847588664891012
qm_recentrado,ssp245,lejano,10,12,0.25546666254184636,0.26419196185748534,0.2708630524673002,0.28121210705658395,0.30414777473496846
qm_recentrado,ssp245,lejano,11,12,0.3428895372344076,0.3530348713676021,0.3610659210445871,0.36710786136520723,0.37655346781502597
qm_recentrado,ssp245,lejano,12,12,0.4696964472629844,0.47011247193855255,0.4798617514472676,0.48486773802407096,0.4867885997523621
qm_recentrado,ssp585,medio,1,12,0.5102057921838737,0.5120953599054876,0.518587862876266,0.5243508057943296,0.5395837517925537
qm_recentrado,ssp585,medio,2,12,0.5158717584555913,0.5199440380891927,0.5269671175170463,0.5316276950846113,0.5420048943049006
qm_recentrado,ssp585,medio,3,12,0.5024769927652705,0.5055938493348168,0.5174574936798899,0.5228681268801622,0.5337792245929099
qm_recentrado,ssp585,medio,4,12,0.47054879997175497,0.4811881581022519,0.49421173937370333,0.5021502857934477,0.5172559629277182
qm_recentrado,ssp585,medio,5,12,0.42598601925178203,0.43537672160991736,0.4452664286404073,0.4565381315372764,0.46640179312702484
qm_recentrado,ssp585,medio,6,12,0.5053486859278671,0.5081680433022429,0.5147004437789646,0.5295271668469294,0.5412316425883484
qm_recentrado,ssp585,medio,7,12,0.5262101169869371,0.530871849286669,0.534395123784069,0.5393258751688156,0.5457268532577557
qm_recentrado,ssp585,medio,8,12,0.44293937021075885,0.4551374332945117,0.46623700528027784,0.48185309921978264,0.48872368427549817
qm_recentrado,ssp585,medio,9,12,0.31874526969529093,0.3302449834225699,0.3371521054736609,0.35236264548997526,0.3600835677349413
qm_recentrado,ssp585,medio,10,12,0.22842082406671785,0.25231854060198233,0.26787200514194953,0.2790449079552769,0.28137487989570054
qm_recentrado,ssp585,medio,11,12,0.3461238472739018,0.35031692916092183,0.35939935410595164,0.3660977291348434,0.3789458614090179
qm_recentrado,ssp585,medio,12,12,0.46881334727795465,0.4735130410524699,0.4768291943481092,0.49103279495993146,0.49848181734601443
qm_recentrado,ssp585,lejano,1,12,0.5086851016455823,0.5110248754652573,0.5227063695689427,0.5244579508134801,0.5255763933444362
qm_recentrado,ssp585,lejano,2,12,0.5083913655417269,0.5121564946440034,0.5311879002824709,0.5351027830520462,0.5387323549286573
qm_recentrado,ssp585,lejano,3,12,0.4948984926730691,0.5011439563482109,0.5165723136312739,0.5246468299400758,0.5290418603369138
qm_recentrado,ssp585,lejano,4,12,0.47084586743431733,0.47260583192786537,0.4920610411440989,0.5071760792376816,0.5117708092234671
qm_recentrado,ssp585,lejano,5,12,0.43036245641211024,0.43458814018274033,0.45070355974578624,0.49556584250090563,0.5076006998229343
qm_recentrado,ssp585,lejano,6,12,0.501389290343474,0.5022991257453373,0.5272568355449261,0.5438505775189733,0.551068858928364
qm_recentrado,ssp585,lejano,7,12,0.5241370026529788,0.5283216340199662,0.5374863672324997,0.5410453465899218,0.5489698603299121
qm_recentrado,ssp585,lejano,8,12,0.42442854463885493,0.4691226540991943,0.49038324402548755,0.5099012226186583,0.5237251738019332
qm_recentrado,ssp585,lejano,9,12,0.31963061416228616,0.3535459502718709,0.3894589928724691,0.40484298207492836,0.42192028850636
qm_recentrado,ssp585,lejano,10,12,0.2633714036764542,0.27669678702693273,0.29860592504871053,0.3186531189915609,0.33806520435148457
qm_recentrado,ssp585,lejano,11,12,0.3512344796050826,0.35459175416043937,0.3678963170448021,0.3803366613938437,0.3987027329162404
qm_recentrado,ssp585,lejano,12,12,0.4639220751113511,0.47062770223341666,0.4836450997602839,0.4873094254639436,0.4992595839263713
