method,scenario,horizon,model,n_years,mean_GWh,q10,q25,q50,q75,q90,P90_exceedance_GWh,P50_exceedance_GWh,P10_exceedance_GWh
qm_sin_recentrado,historical,historico,ACCESS-CM2,34,4326.388525206402,3851.9845878531887,4194.901059531985,4400.392197702866,4570.397698266066,4655.097123326069,3851.9845878531887,4400.392197702866,4655.097123326069
qm_sin_recentrado,ssp126,medio,ACCESS-CM2,30,4304.213931906974,3899.1944077231897,4056.62831247898,4373.288949121084,4553.729979582933,4690.689544856235,3899.1944077231897,4373.288949121084,4690.689544856235
qm_sin_recentrado,ssp126,lejano,ACCESS-CM2,30,4417.890369861882,4091.8783525110407,4231.480624432891,4470.739803474582,4617.811317984959,4784.67417615171,4091.8783525110407,4470.739803474582,4784.67417615171
qm_sin_recentrado,ssp245,medio,ACCESS-CM2,30,4424.606606603685,4078.3192005814863,4240.334898412011,4495.011776775599,4592.089552197736,4704.060408584181,4078.3192005814863,4495.011776775599,4704.060408584181
qm_sin_recentrado,ssp245,lejano,ACCESS-CM2,30,4260.291480727347,3785.6893542672474,4142.698839869425,4335.1182104291365,4475.360858269971,4623.545225323952,3785.6893542672474,4335.1182104291365,4623.545225323952
qm_sin_recentrado,ssp585,medio,ACCESS-CM2,30,4880.655353738615,4463.287232277087,4754.987663462269,4932.557619045598,5098.848357278841,5193.747936624465,4463.287232277087,4932.557619045598,5193.747936624465
qm_sin_recentrado,ssp585,lejano,ACCESS-CM2,30,5080.228601902224,4747.860051000651,4979.088103301299,5155.232232321037,5246.890051173158,5295.947254995737,4747.860051000651,5155.232232321037,5295.947254995737
qm_sin_recentrado,historical,historico,CanESM5,34,4377.535185435712,3958.938797274117,4228.724615706478,4434.55140141498,4603.794000918257,4768.203441590328,3958.938797274117,4434.55140141498,4768.203441590328
qm_sin_recentrado,ssp126,medio,CanESM5,30,4707.324643147333,4314.049672904364,4548.947104104024,4730.667785999741,4882.487316581321,5011.501411645366,4314.049672904364,4730.667785999741,5011.501411645366
qm_sin_recentrado,ssp126,lejano,CanESM5,30,4594.699778044261,4293.977519844434,4406.279205441426,4584.042511591271,4856.868946866007,4933.051766280138,4293.977519844434,4584.042511591271,4933.051766280138
qm_sin_recentrado,ssp245,medio,CanESM5,30,4537.76677936535,4100.836076671033,4345.675394691379,4607.29730355484,4767.808728262287,4897.094735410787,4100.836076671033,4607.29730355484,4897.094735410787
qm_sin_recentrado,ssp245,lejano,CanESM5,30,4519.6730763590285,4143.808715551158,4327.272167891975,4538.407246766999,4766.033588911642,4869.992383302658,4143.808715551158,4538.407246766999,4869.992383302658
qm_sin_recentrado,ssp585,medio,CanESM5,30,4571.063323404724,4202.549972951899,4416.953657966764,4615.071660921381,4746.645695072983,4944.335293911016,4202.549972951899,4615.071660921381,4944.335293911016
qm_sin_recentrado,ssp585,lejano,CanESM5,30,4807.405044393998,4474.806079775832,4765.149443541748,4876.440170797214,4972.865567875245,5039.071800155139,4474.806079775832,4876.440170797214,5039.071800155139
qm_sin_recentrado,historical,historico,CESM2,34,4330.0516166847265,3794.5510404937463,4222.271225844233,4394.97503107882,4546.192873958322,4668.866588239399,3794.5510404937463,4394.97503107882,4668.866588239399
qm_sin_recentrado,ssp126,medio,CESM2,30,4099.047584322664,3669.40485474144,3905.534504118691,4176.208135710157,4423.076215249957,4489.873390158699,3669.40485474144,4176.208135710157,4489.873390158699
qm_sin_recentrado,ssp126,lejano,CESM2,30,4165.227587476837,3880.6249965722627,3969.1162864365497,4118.544924489206,4346.917453721571,4493.795070631908,3880.6249965722627,4118.544924489206,4493.795070631908
qm_sin_recentrado,ssp245,medio,CESM2,30,4495.959585710297,4256.969098071978,4353.519790872806,4527.8466675258205,4700.170462489587,4832.608661285221,4256.969098071978,4527.8466675258205,4832.608661285221
qm_sin_recentrado,ssp245,lejano,CESM2,30,4470.820951701988,4125.713832377325,4378.0976207003405,4520.7671995237715,4607.048601246413,4679.393745113058,4125.713832377325,4520.7671995237715,4679.393745113058
qm_sin_recentrado,ssp585,medio,CESM2,30,4538.328487096423,4163.4811746768455,4451.2948708774275,4581.496832095801,4775.123522930508,4877.822822863138,4163.4811746768455,4581.496832095801,4877.822822863138
qm_sin_recentrado,ssp585,lejano,CESM2,30,4607.04849939193,4243.360161095016,4469.399331320554,4692.8759855658145,4793.473400579567,4915.837340693746,4243.360161095016,4692.8759855658145,4915.837340693746
qm_sin_recentrado,historical,historico,CESM2-WACCM,34,4345.631575878783,3900.255370113576,4128.948692496973,4379.939005477243,4577.525544675984,4678.662253114563,3900.255370113576,4379.939005477243,4678.662253114563
qm_sin_recentrado,ssp126,medio,CESM2-WACCM,30,4319.444221653579,3839.3524471019214,4082.8794458629122,4424.834811337325,4578.587681773686,4640.250397429812,3839.3524471019214,4424.834811337325,4640.250397429812
qm_sin_recentrado,ssp126,lejano,CESM2-WACCM,30,4198.005976434668,3632.973650910611,3983.9941708587107,4268.439753593462,4437.505237389494,4617.52990844679,3632.973650910611,4268.439753593462,4617.52990844679
qm_sin_recentrado,ssp245,medio,CESM2-WACCM,30,4483.331347061144,4079.1125918747575,4372.174758822889,4552.190443995322,4765.520592317965,4845.676186191403,4079.1125918747575,4552.190443995322,4845.676186191403
qm_sin_recentrado,ssp245,lejano,CESM2-WACCM,30,4557.357884093839,4095.7354861890735,4452.894199854239,4594.418365222802,4758.325121042691,4968.397611285637,4095.7354861890735,4594.418365222802,4968.397611285637
qm_sin_recentrado,ssp585,medio,CESM2-WACCM,30,4641.48335522059,4226.647790331801,4530.6950062008655,4633.003380859848,4845.523152469865,4982.004421062727,4226.647790331801,4633.003380859848,4982.004421062727
qm_sin_recentrado,ssp585,lejano,CESM2-WACCM,30,4732.936238169843,4510.074491070215,4568.233047092299,4785.844011955358,4893.505303224402,4954.199159869867,4510.074491070215,4785.844011955358,4954.199159869867
qm_sin_recentrado,historical,historico,CMCC-CM2-SR5,34,4397.154357539041,3996.8571584689294,4240.367407276777,4430.299192004633,4598.891252078995,4740.730868441739,3996.8571584689294,4430.299192004633,4740.730868441739
qm_sin_recentrado,ssp126,medio,CMCC-CM2-SR5,30,4283.169008380592,3559.4984520549256,4113.977158865098,4385.481391274174,4593.090237071743,4689.9449037592,3559.4984520549256,4385.481391274174,4689.9449037592
qm_sin_recentrado,ssp126,lejano,CMCC-CM2-SR5,30,4088.6777069056157,3664.9017965629546,3805.438555218958,4172.965318536832,4391.447550163349,4499.860919407183,3664.9017965629546,4172.965318536832,4499.860919407183
qm_sin_recentrado,ssp245,medio,CMCC-CM2-SR5,30,4186.8409972759655,3801.815694678228,4041.670874562792,4192.608716036122,4394.609510342507,4607.283256716719,3801.815694678228,4192.608716036122,4607.283256716719
qm_sin_recentrado,ssp245,lejano,CMCC-CM2-SR5,30,4048.866400963891,3555.9622459696648,3726.8108478491417,4120.183150989325,4363.058122555653,4553.020773431023,3555.9622459696648,4120.183150989325,4553.020773431023
qm_sin_recentrado,ssp585,medio,CMCC-CM2-SR5,30,4360.786725433007,3779.638104063298,4104.919360887462,4428.440914363248,4679.125205200452,4841.967521689021,3779.638104063298,4428.440914363248,4841.967521689021
qm_sin_recentrado,ssp585,lejano,CMCC-CM2-SR5,30,4175.701188872847,3879.0462297887107,3969.0616522504424,4098.991379719169,4444.005150155325,4602.460511760906,3879.0462297887107,4098.991379719169,4602.460511760906
qm_sin_recentrado,historical,historico,CMCC-ESM2,34,4390.249744503433,3996.0530422761112,4233.957674929356,4422.362838881392,4590.15939522368,4708.3855451688005,3996.0530422761112,4422.362838881392,4708.3855451688005
qm_sin_recentrado,ssp126,medio,CMCC-ESM2,30,4333.05037365953,3904.743805888186,4176.836616876891,4380.426216074517,4596.844123049225,4731.117541190954,3904.743805888186,4380.426216074517,4731.117541190954
qm_sin_recentrado,ssp126,lejano,CMCC-ESM2,30,4223.808986952438,3846.4939768977115,4004.019555289486,4196.680415767575,4505.860886104836,4684.776662285923,3846.4939768977115,4196.680415767575,4684.776662285923
qm_sin_recentrado,ssp245,medio,CMCC-ESM2,30,4278.091210000958,3753.8961831269185,4133.908205215926,4443.806660085847,4560.232489287242,4784.104866046614,3753.8961831269185,4443.806660085847,4784.104866046614
qm_sin_recentrado,ssp245,lejano,CMCC-ESM2,30,4319.936141095014,3699.2200467083508,4117.900140341248,4382.695351954029,4615.793562531741,4727.050500281014,3699.2200467083508,4382.695351954029,4727.050500281014
qm_sin_recentrado,ssp585,medio,CMCC-ESM2,30,4450.166033535204,3945.95537606048,4137.024168931238,4528.384379240896,4783.2191112522505,4863.156749247936,3945.95537606048,4528.384379240896,4863.156749247936
qm_sin_recentrado,ssp585,lejano,CMCC-ESM2,30,4362.831540219763,3924.4219161987044,4135.657659368688,4429.781920678666,4606.831142138572,4718.323937581399,3924.4219161987044,4429.781920678666,4718.323937581399
qm_sin_recentrado,historical,historico,EC-Earth3,34,4381.5302234393785,4051.522393244699,4198.848958808179,4453.109275157289,4571.76927289376,4741.416708338725,4051.522393244699,4453.109275157289,4741.416708338725
qm_sin_recentrado,ssp126,medio,EC-Earth3,30,4279.821972219528,3984.424457027639,4052.325963333198,4332.930996697885,4498.526056556765,4602.65370146911,3984.424457027639,4332.930996697885,4602.65370146911
qm_sin_recentrado,ssp126,lejano,EC-Earth3,30,4278.120813395478,3949.7327236145134,4167.137361455083,4249.6065546301415,4463.860635422122,4558.860482869355,3949.7327236145134,4249.6065546301415,4558.860482869355
qm_sin_recentrado,ssp245,medio,EC-Earth3,30,4183.189742173686,3887.15156984306,4068.711675080586,4230.042627689324,4370.825295149885,4430.391915070009,3887.15156984306,4230.042627689324,4430.391915070009
qm_sin_recentrado,ssp245,lejano,EC-Earth3,30,4245.7771342828355,3867.703729202522,4166.315362315904,4265.879867614819,4461.63029730937,4692.635310303743,3867.703729202522,4265.879867614819,4692.635310303743
qm_sin_recentrado,ssp585,medio,EC-Earth3,30,4309.096674777788,3734.124826152211,4037.109328140382,4390.423389567226,4625.626490698741,4734.5627277054355,3734.124826152211,4390.423389567226,4734.5627277054355
qm_sin_recentrado,ssp585,lejano,EC-Earth3,30,4392.234783403264,3726.715299322081,4149.085487254635,4505.639237173038,4761.987824495825,4851.911614881497,3726.715299322081,4505.639237173038,4851.911614881497
qm_sin_recentrado,historical,historico,IPSL-CM6A-LR,34,4420.652301063385,4079.986494822226,4263.842817611232,4432.185524865794,4587.547958266632,4740.261894162914,4079.986494822226,4432.185524865794,4740.261894162914
qm_sin_recentrado,ssp126,medio,IPSL-CM6A-LR,30,4669.242625275159,4381.990628311005,4553.701671830942,4673.338511676149,4856.835965926236,5012.719727215354,4381.990628311005,4673.338511676149,5012.719727215354
qm_sin_recentrado,ssp126,lejano,IPSL-CM6A-LR,30,4681.118402928459,4404.657961821976,4577.191551495686,4684.7595030584735,4814.4559892207335,4940.111285110841,4404.657961821976,4684.7595030584735,4940.111285110841
qm_sin_recentrado,ssp245,medio,IPSL-CM6A-LR,30,4681.845752042322,4419.758022095343,4549.706813798757,4701.088753133609,4832.859155865215,4912.785307144584,4419.758022095343,4701.088753133609,4912.785307144584
qm_sin_recentrado,ssp245,lejano,IPSL-CM6A-LR,30,4707.600113513231,4444.140567559836,4504.820472843037,4778.638730023773,4887.283439001446,4970.517266387528,4444.140567559836,4778.638730023773,4970.517266387528
qm_sin_recentrado,ssp585,medio,IPSL-CM6A-LR,30,4738.1408735843925,4521.427405571024,4616.504721866831,4748.564103269444,4916.31614690139,4939.6517373768365,4521.427405571024,4748.564103269444,4939.6517373768365
qm_sin_recentrado,ssp585,lejano,IPSL-CM6A-LR,30,4694.265979011554,4442.279278558441,4598.061025317273,4743.506787624676,4857.913835706683,4943.096586453506,4442.279278558441,4743.506787624676,4943.096586453506
qm_sin_recentrado,historical,historico,MIROC6,34,4583.000532240126,4210.231968477272,4397.241368687034,4635.30470775365,4795.129101260258,4892.176599964738,4210.231968477272,4635.30470775365,4892.176599964738
qm_sin_recentrado,ssp126,medio,MIROC6,30,4240.112948066773,3782.6953475467176,4136.154719721217,4351.414565486843,4414.538108313183,4518.063001543228,3782.6953475467176,4351.414565486843,4518.063001543228
qm_sin_recentrado,ssp126,lejano,MIROC6,30,4264.992698924371,3880.693747319752,4133.105151854119,4269.511424115246,4432.551185770769,4580.857811348983,3880.693747319752,4269.511424115246,4580.857811348983
qm_sin_recentrado,ssp245,medio,MIROC6,30,4206.859549552393,3929.393582944176,4130.561526924658,4269.860928317516,4346.022142609619,4442.724198689213,3929.393582944176,4269.860928317516,4442.724198689213
qm_sin_recentrado,ssp245,lejano,MIROC6,30,4246.522030510775,4020.9345226343094,4104.706381561646,4232.671844989947,4403.7298413935905,4531.5190196857775,4020.9345226343094,4232.671844989947,4531.5190196857775
qm_sin_recentrado,ssp585,medio,MIROC6,30,4323.091732169375,4066.6144784253793,4257.854655890425,4384.2815576769535,4526.42887945548,4605.272700679602,4066.6144784253793,4384.2815576769535,4605.272700679602
qm_sin_recentrado,ssp585,lejano,MIROC6,30,4328.949775830779,3996.7354764761553,4115.048814655709,4404.46480739235,4516.528202308663,4656.28130186394,3996.7354764761553,4404.46480739235,4656.28130186394
qm_sin_recentrado,historical,historico,MPI-ESM1-2-HR,34,4345.388421102281,4012.460993811886,4106.323963943133,4361.900150563,4566.446376379396,4752.070112387623,4012.460993811886,4361.900150563,4752.070112387623
qm_sin_recentrado,ssp126,medio,MPI-ESM1-2-HR,30,4322.693919049601,3902.5146148390604,4097.001768615394,4356.452878186129,4556.413512386362,4655.704892106063,3902.5146148390604,4356.452878186129,4655.704892106063
qm_sin_recentrado,ssp126,lejano,MPI-ESM1-2-HR,30,4435.966830912326,4025.162638069348,4127.534051737075,4538.957445934275,4731.444438194706,4819.361466438389,4025.162638069348,4538.957445934275,4819.361466438389
qm_sin_recentrado,ssp245,medio,MPI-ESM1-2-HR,30,4378.364708757047,4006.4419731596527,4156.7486746449185,4384.109620187044,4615.07640050856,4813.966480906925,4006.4419731596527,4384.109620187044,4813.966480906925
qm_sin_recentrado,ssp245,lejano,MPI-ESM1-2-HR,30,4483.627379257342,4029.5028897643533,4386.955826510788,4559.407612082237,4687.685560156855,4790.440388696907,4029.5028897643533,4559.407612082237,4790.440388696907
qm_sin_recentrado,ssp585,medio,MPI-ESM1-2-HR,30,4426.260385559858,3994.448019759889,4273.438221707782,4458.816850174472,4652.9127788080505,4793.401290577397,3994.448019759889,4458.816850174472,4793.401290577397
qm_sin_recentrado,ssp585,lejano,MPI-ESM1-2-HR,30,4664.634060598353,4267.015142502159,4543.880138521864,4649.9760868711055,4845.010124021563,5005.549413306464,4267.015142502159,4649.9760868711055,5005.549413306464
qm_sin_recentrado,historical,historico,MPI-ESM1-2-LR,34,4356.087290068457,3973.3818670210203,4177.144715624878,4323.284195146614,4593.414822975528,4707.085348187578,3973.3818670210203,4323.284195146614,4707.085348187578
qm_sin_recentrado,ssp126,medio,MPI-ESM1-2-LR,30,4515.005486631943,4123.879619199292,4403.565751135631,4550.826062059865,4700.6102662694575,4781.096787122479,4123.879619199292,4550.826062059865,4781.096787122479
qm_sin_recentrado,ssp126,lejano,MPI-ESM1-2-LR,30,4495.147499476601,4107.949465922191,4339.424477288757,4526.832303287645,4683.482868754553,4824.93712760967,4107.949465922191,4526.832303287645,4824.93712760967
qm_sin_recentrado,ssp245,medio,MPI-ESM1-2-LR,30,4510.214716861496,4254.507791237401,4420.844083434117,4521.924876832487,4614.465300040933,4832.472198811147,4254.507791237401,4521.924876832487,4832.472198811147
qm_sin_recentrado,ssp245,lejano,MPI-ESM1-2-LR,30,4669.519157609419,4427.84628030729,4564.4110104889005,4723.646710327315,4822.633961194266,4900.164355735787,4427.84628030729,4723.646710327315,4900.164355735787
qm_sin_recentrado,ssp585,medio,MPI-ESM1-2-LR,30,4669.542469091966,4244.546047378709,4646.993312507859,4723.756644928926,4817.9154511070365,4895.974848971188,4244.546047378709,4723.756644928926,4895.974848971188
qm_sin_recentrado,ssp585,lejano,MPI-ESM1-2-LR,30,4757.008617679131,4524.754853510053,4643.311800328485,4744.364301713872,4944.3256085391395,5037.909169797642,4524.754853510053,4744.364301713872,5037.909169797642
qm_sin_recentrado,historical,historico,NorESM2-MM,34,4336.805602367247,4037.113701969796,4155.400141782436,4383.11979003102,4631.06966227431,4713.0097193021065,4037.113701969796,4383.11979003102,4713.0097193021065
qm_sin_recentrado,ssp126,medio,NorESM2-MM,30,4399.295045261506,3971.7103855018277,4085.2507756655455,4459.410829790653,4653.519258911415,4791.897262323327,3971.7103855018277,4459.410829790653,4791.897262323327
qm_sin_recentrado,ssp126,lejano,NorESM2-MM,30,4044.751268916069,3724.930330472591,3915.6206331739168,4046.198539577493,4186.764657860008,4371.101653759721,3724.930330472591,4046.198539577493,4371.101653759721
qm_sin_recentrado,ssp245,medio,NorESM2-MM,30,4518.244775410881,4239.934353565999,4408.537183348233,4561.235803161948,4700.751854716919,4782.588186607179,4239.934353565999,4561.235803161948,4782.588186607179
qm_sin_recentrado,ssp245,lejano,NorESM2-MM,30,4477.700986956768,4028.8170239617807,4416.249501064213,4497.0180851893665,4692.507316166928,4748.294733825539,4028.8170239617807,4497.0180851893665,4748.294733825539
qm_sin_recentrado,ssp585,medio,NorESM2-MM,30,4546.29253158712,4061.3015798065085,4239.440514479702,4587.308763605593,4856.121933853761,4915.985892372117,4061.3015798065085,4587.308763605593,4915.985892372117
qm_sin_recentrado,ssp585,lejano,NorESM2-MM,30,4576.857091625086,4330.581001120409,4431.9617781741745,4547.949969622571,4741.558830816236,4855.325114313524,4330.581001120409,4547.949969622571,4855.325114313524
qm_recentrado,historical,historico,ACCESS-CM2,34,4343.875086393372,3869.8310886101135,4217.568705918561,4421.114321678071,4589.543437429068,4661.811092954454,3869.8310886101135,4421.114321678071,4661.811092954454
qm_recentrado,ssp126,medio,ACCESS-CM2,30,4331.151013864814,3949.3550821446006,4086.185680362143,4393.171863115578,4578.9034293570585,4708.509496183765,3949.3550821446006,4393.171863115578,4708.509496183765
qm_recentrado,ssp126,lejano,ACCESS-CM2,30,4440.581762493259,4151.161106982343,4251.432974419842,4483.198842542681,4622.983083506222,4791.841753320779,4151.161106982343,4483.198842542681,4791.841753320779
qm_recentrado,ssp245,medio,ACCESS-CM2,30,4427.826340304378,4078.0725077915627,4242.819522173697,4502.9108796258415,4589.502202575122,4698.0986297972395,4078.0725077915627,4502.9108796258415,4698.0986297972395
qm_recentrado,ssp245,lejano,ACCESS-CM2,30,4267.6808979355055,3785.1542846746847,4151.959924346966,4338.850012118276,4499.091935120199,4641.09048305927,3785.1542846746847,4338.850012118276,4641.09048305927
qm_recentrado,ssp585,medio,ACCESS-CM2,30,4663.59341308298,4288.792763375636,4518.966323165286,4738.994956089653,4894.021823480041,5010.624105791947,4288.792763375636,4738.994956089653,5010.624105791947
qm_recentrado,ssp585,lejano,ACCESS-CM2,30,4900.577049738826,4559.6163267673055,4785.66274135736,4944.834008938144,5057.964627484432,5147.510362091823,4559.6163267673055,4944.834008938144,5147.510362091823
qm_recentrado,historical,historico,CanESM5,34,4411.985626776003,4023.529282516254,4261.962390503156,4475.407236525742,4617.394037378737,4776.165422691058,4023.529282516254,4475.407236525742,4776.165422691058
qm_recentrado,ssp126,medio,CanESM5,30,4733.794298565535,4357.076153798874,4566.85415221577,4747.69825804139,4926.309966735127,5060.217300137493,4357.076153798874,4747.69825804139,5060.217300137493
qm_recentrado,ssp126,lejano,CanESM5,30,4627.591089955448,4336.220002034256,4441.204603063388,4628.160645150565,4873.032412189268,4951.804028742535,4336.220002034256,4628.160645150565,4951.804028742535
qm_recentrado,ssp245,medio,CanESM5,30,4475.20512526687,4018.117687068764,4344.500155892005,4551.9343598778305,4689.592945952487,4847.8173625062545,4018.117687068764,4551.9343598778305,4847.8173625062545
qm_recentrado,ssp245,lejano,CanESM5,30,4451.534589291607,4068.587356421184,4252.852468049338,4465.104549698652,4703.073772074691,4819.856540798289,4068.587356421184,4465.104549698652,4819.856540798289
qm_recentrado,ssp585,medio,CanESM5,30,4357.615573041167,3912.8341678662714,4197.95467703867,4370.560915575175,4603.382921139666,4764.0783058699135,3912.8341678662714,4370.560915575175,4764.0783058699135
qm_recentrado,ssp585,lejano,CanESM5,30,4663.420910083354,4282.346691680645,4560.362428691696,4728.908851563445,4883.846658522999,4915.908596679281,4282.346691680645,4728.908851563445,4915.908596679281
qm_recentrado,historical,historico,CESM2,34,4362.94840000066,3853.4233134039955,4259.873248840986,4415.719328754585,4575.755717892038,4684.981940573901,3853.4233134039955,4415.719328754585,4684.981940573901
qm_recentrado,ssp126,medio,CESM2,30,4362.756956171886,3957.1028400507985,4211.129164307963,4456.508675640725,4631.873505371528,4713.331636638891,3957.1028400507985,4456.508675640725,4713.331636638891
qm_recentrado,ssp126,lejano,CESM2,30,4425.212469303546,4160.902572176151,4263.380197408986,4369.777827611235,4587.334574242176,4729.484011162998,4160.902572176151,4369.777827611235,4729.484011162998
qm_recentrado,ssp245,medio,CESM2,30,4399.163209331967,4147.012637116842,4255.593459482045,4395.133871304401,4635.232190667087,4746.123119133609,4147.012637116842,4395.133871304401,4746.123119133609
qm_recentrado,ssp245,lejano,CESM2,30,4380.105356716947,4067.152531322038,4285.5309386159615,4415.8890197775545,4525.694859554795,4593.212815300079,4067.152531322038,4415.8890197775545,4593.212815300079
qm_recentrado,ssp585,medio,CESM2,30,4304.535295941308,3862.367012905379,4124.405163689422,4327.620927384621,4535.927016298201,4672.602984261291,3862.367012905379,4327.620927384621,4672.602984261291
qm_recentrado,ssp585,lejano,CESM2,30,4446.310521211812,3980.7679583142562,4359.231843578408,4516.778537642411,4669.870328623936,4755.037179371893,3980.7679583142562,4516.778537642411,4755.037179371893
qm_recentrado,historical,historico,CESM2-WACCM,34,4372.423325356243,3949.6121791499763,4208.645324679232,4398.188364935921,4588.848496695539,4693.2641037518515,3949.6121791499763,4398.188364935921,4693.2641037518515
qm_recentrado,ssp126,medio,CESM2-WACCM,30,4419.796202565629,4017.3832280378947,4270.208446392242,4484.759554279071,4634.168221824646,4695.171261258771,4017.3832280378947,4484.759554279071,4695.171261258771
qm_recentrado,ssp126,lejano,CESM2-WACCM,30,4319.609741027652,3838.165033887984,4116.11641587442,4372.485783877941,4550.438851270459,4699.476637694978,3838.165033887984,4372.485783877941,4699.476637694978
qm_recentrado,ssp245,medio,CESM2-WACCM,30,4269.790230335041,3750.4531669511052,4157.648521399957,4336.872822331957,4558.2091174502275,4685.225475598389,3750.4531669511052,4336.872822331957,4685.225475598389
qm_recentrado,ssp245,lejano,CESM2-WACCM,30,4390.286659979154,3870.6864048034304,4315.52770722015,4406.014592737591,4582.91127742397,4825.94014708591,3870.6864048034304,4406.014592737591,4825.94014708591
qm_recentrado,ssp585,medio,CESM2-WACCM,30,4276.718935368514,3846.5994995212523,4082.516012315937,4304.169370971331,4522.462848136538,4704.2802090752475,3846.5994995212523,4304.169370971331,4704.2802090752475
qm_recentrado,ssp585,lejano,CESM2-WACCM,30,4468.449902958297,4141.604105914293,4308.559524458757,4511.776210453378,4651.0271781872725,4745.212463786089,4141.604105914293,4511.776210453378,4745.212463786089
qm_recentrado,historical,historico,CMCC-CM2-SR5,34,4428.524525516939,4076.009436301889,4277.325517383906,4457.926357559514,4624.2748122577705,4762.1518695562245,4076.009436301889,4457.926357559514,4762.1518695562245
qm_recentrado,ssp126,medio,CMCC-CM2-SR5,30,4459.677664120408,3886.7102013919916,4332.4839319614875,4567.503552961785,4737.256740253504,4812.381752945709,3886.7102013919916,4567.503552961785,4812.381752945709
qm_recentrado,ssp126,lejano,CMCC-CM2-SR5,30,4297.74627925939,3914.9147154984576,4018.119713046343,4372.210941908645,4564.3027880975205,4663.891382170893,3914.9147154984576,4372.210941908645,4663.891382170893
qm_recentrado,ssp245,medio,CMCC-CM2-SR5,30,4413.776875162942,4053.721164979507,4279.032952334773,4430.47785641973,4591.617541164998,4797.578390478652,4053.721164979507,4430.47785641973,4797.578390478652
qm_recentrado,ssp245,lejano,CMCC-CM2-SR5,30,4294.173258605655,3807.907722722425,3994.8230136862003,4376.055064120431,4598.797318477379,4725.686674662585,3807.907722722425,4376.055064120431,4725.686674662585
qm_recentrado,ssp585,medio,CMCC-CM2-SR5,30,4520.921261731345,4020.3670139891988,4280.784664063152,4575.744368576083,4800.270894847451,4976.946780161677,4020.3670139891988,4575.744368576083,4976.946780161677
qm_recentrado,ssp585,lejano,CMCC-CM2-SR5,30,4330.276769965555,4059.406330593861,4146.512225982258,4293.602309895469,4565.498139840331,4721.794636336491,4059.406330593861,4293.602309895469,4721.794636336491
qm_recentrado,historical,historico,CMCC-ESM2,34,4422.650745525811,4087.872201899343,4309.251878334586,4442.549925410674,4600.577524691273,4710.09768078754,4087.872201899343,4442.549925410674,4710.09768078754
qm_recentrado,ssp126,medio,CMCC-ESM2,30,4395.628709405621,3961.371400134584,4243.121418266075,4422.753031182583,4667.860165933615,4774.025716945525,3961.371400134584,4422.753031182583,4774.025716945525
qm_recentrado,ssp126,lejano,CMCC-ESM2,30,4285.6341179855435,3927.5007933141137,4094.062534694028,4256.759600288788,4550.914664040882,4698.871220309342,3927.5007933141137,4256.759600288788,4698.871220309342
qm_recentrado,ssp245,medio,CMCC-ESM2,30,4375.299970576777,3878.966398364233,4225.706341377478,4510.615482368243,4636.587149161693,4835.28231587511,3878.966398364233,4510.615482368243,4835.28231587511
qm_recentrado,ssp245,lejano,CMCC-ESM2,30,4407.794952403105,3843.090696608665,4230.554363567801,4473.801557826084,4665.480206593946,4769.747467347445,3843.090696608665,4473.801557826084,4769.747467347445
qm_recentrado,ssp585,medio,CMCC-ESM2,30,4378.578820110258,3875.084002017259,4066.0428038682267,4435.463691262514,4699.725969949052,4803.895066761893,3875.084002017259,4435.463691262514,4803.895066761893
qm_recentrado,ssp585,lejano,CMCC-ESM2,30,4284.107505091906,3855.314399506115,4059.5872484751953,4330.133776330067,4525.404059466478,4624.870004506366,3855.314399506115,4330.133776330067,4624.870004506366
qm_recentrado,historical,historico,EC-Earth3,34,4416.026511434058,4110.988293198444,4228.089406228137,4477.727221486168,4604.435940393697,4754.053757616784,4110.988293198444,4477.727221486168,4754.053757616784
qm_recentrado,ssp126,medio,EC-Earth3,30,4380.110556727051,4110.649695789859,4173.009152661985,4406.196782316734,4588.112263554956,4685.728341158384,4110.649695789859,4406.196782316734,4685.728341158384
qm_recentrado,ssp126,lejano,EC-Earth3,30,4378.334949027922,4054.0568217581867,4273.212767070417,4342.5870954275015,4554.471635368286,4669.946877620099,4054.0568217581867,4342.5870954275015,4669.946877620099
qm_recentrado,ssp245,medio,EC-Earth3,30,4352.041442795035,4108.822938850899,4256.683461864484,4411.129573816033,4507.231758166087,4577.01351931167,4108.822938850899,4411.129573816033,4577.01351931167
qm_recentrado,ssp245,lejano,EC-Earth3,30,4415.523515019973,4060.666669307846,4345.410712579924,4425.858242464521,4603.758459405621,4807.9607609119885,4060.666669307846,4425.858242464521,4807.9607609119885
qm_recentrado,ssp585,medio,EC-Earth3,30,4309.321683844754,3789.6510001610723,4037.047818388356,4378.78240704533,4604.574230165665,4708.528560457807,3789.6510001610723,4378.78240704533,4708.528560457807
qm_recentrado,ssp585,lejano,EC-Earth3,30,4389.445206632928,3764.836828407268,4155.093760713654,4484.807537932265,4743.513471326236,4826.9162214107655,3764.836828407268,4484.807537932265,4826.9162214107655
qm_recentrado,historical,historico,IPSL-CM6A-LR,34,4451.501579162798,4121.775248312404,4286.322515353477,4464.198547007532,4608.747939817086,4777.970713643083,4121.775248312404,4464.198547007532,4777.970713643083
qm_recentrado,ssp126,medio,IPSL-CM6A-LR,30,4506.538649251416,4186.503805404992,4359.1121756308,4493.760070942096,4705.657248686254,4898.075126072561,4186.503805404992,4493.760070942096,4898.075126072561
qm_recentrado,ssp126,lejano,IPSL-CM6A-LR,30,4512.790691511119,4238.404071064141,4399.454573715148,4515.685192298008,4656.7480111269615,4783.736295245707,4238.404071064141,4515.685192298008,4783.736295245707
qm_recentrado,ssp245,medio,IPSL-CM6A-LR,30,4496.162606369644,4248.1997863659535,4375.12761486118,4497.675833260111,4627.629806058258,4756.695302924408,4248.1997863659535,4497.675833260111,4756.695302924408
qm_recentrado,ssp245,lejano,IPSL-CM6A-LR,30,4529.908212884767,4229.104778078344,4327.126340893324,4579.311875503587,4694.919844766843,4789.611139514953,4229.104778078344,4579.311875503587,4789.611139514953
qm_recentrado,ssp585,medio,IPSL-CM6A-LR,30,4557.550390173071,4304.546536013924,4431.924425670228,4554.913746835892,4731.192395769681,4832.5434654529945,4304.546536013924,4554.913746835892,4832.5434654529945
qm_recentrado,ssp585,lejano,IPSL-CM6A-LR,30,4560.272715131404,4289.726454509023,4436.942839901723,4612.165750676409,4727.188676387534,4817.823695151443,4289.726454509023,4612.165750676409,4817.823695151443
qm_recentrado,historical,historico,MIROC6,34,4606.888068460212,4237.482884914724,4447.579621319257,4659.26340782642,4812.077717983309,4905.683706179275,4237.482884914724,4659.26340782642,4905.683706179275
qm_recentrado,ssp126,medio,MIROC6,30,4276.184478836513,3791.145014723851,4159.47846999695,4380.151915476497,4444.082545998671,4554.051219700079,3791.145014723851,4380.151915476497,4554.051219700079
qm_recentrado,ssp126,lejano,MIROC6,30,4294.636983018785,3935.3467615396225,4183.069858103394,4325.510956010459,4457.4232534112925,4578.98568104672,3935.3467615396225,4325.510956010459,4578.98568104672
qm_recentrado,ssp245,medio,MIROC6,30,4227.3546001427585,3936.308211807071,4143.071978716314,4287.667704819953,4373.1232520043795,4468.226426637383,3936.308211807071,4287.667704819953,4468.226426637383
qm_recentrado,ssp245,lejano,MIROC6,30,4273.823282941605,4062.46806632096,4127.782894381665,4281.680535411832,4413.365490746901,4566.803588417,4062.46806632096,4281.680535411832,4566.803588417
qm_recentrado,ssp585,medio,MIROC6,30,4265.709274455053,3954.2876439216066,4159.794616999594,4319.473712243918,4446.14262888563,4614.3232726567885,3954.2876439216066,4319.473712243918,4614.3232726567885
qm_recentrado,ssp585,lejano,MIROC6,30,4292.313269084748,3957.098397293501,4042.669919011089,4352.059064684371,4514.278455157485,4630.099921286514,3957.098397293501,4352.059064684371,4630.099921286514
qm_recentrado,historical,historico,MPI-ESM1-2-HR,34,4362.0058159687815,4027.9618447043567,4132.095894009813,4374.967431077232,4580.518307100822,4762.146375462329,4027.9618447043567,4374.967431077232,4762.146375462329
qm_recentrado,ssp126,medio,MPI-ESM1-2-HR,30,4341.832466881103,3936.0051921896643,4120.818500641947,4384.231374514664,4572.406861949679,4677.946047610398,3936.0051921896643,4384.231374514664,4677.946047610398
qm_recentrado,ssp126,lejano,MPI-ESM1-2-HR,30,4453.885328982997,4014.766787535485,4139.569023551114,4571.422782655271,4733.719925154927,4848.547210434074,4014.766787535485,4571.422782655271,4848.547210434074
qm_recentrado,ssp245,medio,MPI-ESM1-2-HR,30,4378.7816307273915,3976.6395631237397,4164.369466172215,4377.188573448486,4608.6161232579325,4829.852419776562,3976.6395631237397,4377.188573448486,4829.852419776562
qm_recentrado,ssp245,lejano,MPI-ESM1-2-HR,30,4482.183814299586,4020.242421166596,4370.106404163182,4550.463924569883,4703.729646102541,4807.74873441839,4020.242421166596,4550.463924569883,4807.74873441839
qm_recentrado,ssp585,medio,MPI-ESM1-2-HR,30,4328.918548726722,3867.4671059739444,4178.29348326838,4375.463268254027,4551.134388729287,4708.112708315205,3867.4671059739444,4375.463268254027,4708.112708315205
qm_recentrado,ssp585,lejano,MPI-ESM1-2-HR,30,4583.974757438127,4136.048013024378,4438.262036023862,4548.335512261461,4784.71419930171,4984.221485629599,4136.048013024378,4548.335512261461,4984.221485629599
qm_recentrado,historical,historico,MPI-ESM1-2-LR,34,4383.811185674677,4024.503224198363,4206.274032143296,4361.1114077188395,4616.570445001371,4718.719107323013,4024.503224198363,4361.1114077188395,4718.719107323013
qm_recentrado,ssp126,medio,MPI-ESM1-2-LR,30,4438.878490731736,4043.859994741082,4318.217502385502,4471.745165713801,4632.969206482847,4721.315863800426,4043.859994741082,4471.745165713801,4721.315863800426
qm_recentrado,ssp126,lejano,MPI-ESM1-2-LR,30,4409.969944183104,4021.246011398245,4250.001733261259,4438.2958395033165,4595.656354012041,4745.849468254496,4021.246011398245,4438.2958395033165,4745.849468254496
qm_recentrado,ssp245,medio,MPI-ESM1-2-LR,30,4377.805836114755,4095.5567127797244,4278.3456622956965,4391.89387349029,4496.789514625943,4705.9364369180685,4095.5567127797244,4391.89387349029,4705.9364369180685
qm_recentrado,ssp245,lejano,MPI-ESM1-2-LR,30,4559.35823598594,4308.633799090784,4449.319110621271,4587.936284572979,4726.577744801363,4810.997264137937,4308.633799090784,4587.936284572979,4810.997264137937
qm_recentrado,ssp585,medio,MPI-ESM1-2-LR,30,4456.780865236117,4015.7203489906624,4422.21615430031,4518.851113147048,4616.338247203865,4708.129240811497,4015.7203489906624,4518.851113147048,4708.129240811497
qm_recentrado,ssp585,lejano,MPI-ESM1-2-LR,30,4565.6764299069655,4226.704600919711,4436.038533609555,4545.398648664083,4768.497775992139,4905.389253144689,4226.704600919711,4545.398648664083,4905.389253144689
qm_recentrado,historical,historico,NorESM2-MM,34,4365.329374554313,4074.260539521194,4186.853521029476,4400.98906694561,4640.763858855924,4733.819771526324,4074.260539521194,4400.98906694561,4733.819771526324
qm_recentrado,ssp126,medio,NorESM2-MM,30,4495.227482007319,4096.817300610654,4209.62982451405,4535.14612877764,4745.198212204571,4869.094050914192,4096.817300610654,4535.14612877764,4869.094050914192
qm_recentrado,ssp126,lejano,NorESM2-MM,30,4184.88741364403,3960.790014503276,4043.2352269563876,4153.824458402934,4298.674551385072,4509.890703288865,3960.790014503276,4153.824458402934,4509.890703288865
qm_recentrado,ssp245,medio,NorESM2-MM,30,4397.767500406229,4095.19770678079,4256.886180591169,4444.092449261019,4598.427644914907,4701.944895836552,4095.19770678079,4444.092449261019,4701.944895836552
qm_recentrado,ssp245,lejano,NorESM2-MM,30,4377.124651591451,3905.5060314395414,4281.771671119834,4396.381367484342,4581.543148746563,4666.527141036639,3905.5060314395414,4396.381367484342,4666.527141036639
qm_recentrado,ssp585,medio,NorESM2-MM,30,4369.687934056712,3869.0710296993784,4005.5930883136107,4443.263502012249,4711.891089643802,4770.010517500224,3869.0710296993784,4443.263502012249,4770.010517500224
qm_recentrado,ssp585,lejano,NorESM2-MM,30,4443.44812691068,4114.599246882287,4306.491025685731,4459.947396078807,4598.888732492587,4749.924800740804,4114.599246882287,4459.947396078807,4749.924800740804
