model,exp,cf_mean_hist,P50_CF_hist,P90_CF_hist,energy_turb_MWh_hist,energy_plant_MWh_hist,days_lt5_hist,days_gt25_hist,cf_DJF_hist,cf_MAM_hist,cf_JJA_hist,cf_SON_hist,cf_mean_fut,P50_CF_fut,P90_CF_fut,energy_turb_MWh_fut,energy_plant_MWh_fut,days_lt5_fut,days_gt25_fut,cf_DJF_fut,cf_MAM_fut,cf_JJA_fut,cf_SON_fut
ACCESS-CM2,historical,0.2799555454073576,0.13273043154139075,0.8449227730742032,567362.83554015,91912779.3575043,81.52910862388276,34.181093485787905,0.3193013163292362,0.3018370685498079,0.3402037072247977,0.15788324206937962,,,,,,,,,,,
ACCESS-CM2,ssp126,,,,,,,,,,,,0.28160021428384635,0.13686479567213644,0.8408621076906373,1443560.194797967,233856751.55727068,77.19008659111168,33.104705208200684,0.318350161302056,0.3006015735397915,0.34618329868520825,0.1606606942358349
ACCESS-CM2,ssp245,,,,,,,,,,,,0.280778589265464,0.1365870584676941,0.839386927572711,1439348.318842534,233174427.6524905,76.4696612759455,32.268082261556096,0.3183234790400984,0.29764781425978215,0.3491375901785988,0.15736844288404347
ACCESS-CM2,ssp585,,,,,,,,,,,,0.2968005052568434,0.14498201381821393,0.8993648068655872,1521481.069445626,246479933.25019142,74.34324461989048,28.177925633515855,0.3338529724067161,0.3233892175653601,0.37117990503935044,0.15797267594899894
CanESM5,historical,0.2840804248895585,0.13514612045524893,0.8555824447488305,575351.4934939214,93206941.94601525,83.71074247060719,33.64705882352941,0.3236118072643862,0.3062765362473743,0.3446555226076615,0.16130267050803057,,,,,,,,,,,
CanESM5,ssp126,,,,,,,,,,,,0.2996221896024331,0.14585845498643346,0.9,1534918.934760445,248656867.4311921,77.86651173155902,30.872093023255815,0.34102750883087807,0.3189095656259094,0.36792888402708035,0.17011523123114275
CanESM5,ssp245,,,,,,,,,,,,0.28526397648246793,0.14014806875494495,0.8508372463308157,1461363.9913952576,236740966.60603175,75.9491897742829,29.11627906976744,0.3242685093894465,0.30505647939927055,0.3539004007897654,0.15728739113911308
CanESM5,ssp585,,,,,,,,,,,,0.2829621507809589,0.1390324321848031,0.8480675797213473,1449572.0882039336,234830678.28903723,73.70650409092356,26.46511627906977,0.325437320544127,0.30590318755531926,0.3539701027698237,0.14597234589192767
CESM2-WACCM,historical,0.28181593643467884,0.13469009347244876,0.8468918747657821,570765.1978523923,92463962.05208756,83.71074247060719,31.058823529411764,0.3214121575522271,0.3022811648371783,0.3419303471869649,0.16118970893116663,,,,,,,,,,,
CESM2-WACCM,ssp126,,,,,,,,,,,,0.2813491113886993,0.13617588798146263,0.8431154358890435,1441308.7325793752,233492014.67785877,79.66763235809111,33.31395348837209,0.32140808278885663,0.300452489003512,0.34489634634697786,0.15817148740256123
CESM2-WACCM,ssp245,,,,,,,,,,,,0.27473435696535503,0.12824624623174186,0.8414367429769447,1407422.3511112551,228002420.88002333,84.73401037852982,28.27906976744186,0.3162152649931162,0.29425851186259666,0.33916206273137794,0.14883487450910415
CESM2-WACCM,ssp585,,,,,,,,,,,,0.2715082489393294,0.12678901859209274,0.8370678837144442,1390895.4900623458,225325069.3901,85.9889847505651,25.395348837209305,0.31353602371031414,0.29368392404268606,0.3407259995844085,0.13754456873883794
CESM2,historical,0.2811873542583727,0.1343929303389271,0.846498051033636,569492.1228277332,92257723.89809278,84.38677725881784,31.823529411764707,0.3210262726527083,0.30121994507644323,0.34206514064105714,0.15998672395112365,,,,,,,,,,,
CESM2,ssp126,,,,,,,,,,,,0.2826516036301538,0.13736136192442827,0.8428521727402151,1447981.202353526,234572954.7812712,78.77288211136226,35.2906976744186,0.32521643714761833,0.30510425435332234,0.34238463937530367,0.1574656896558998
CESM2,ssp245,,,,,,,,,,,,0.278666984991645,0.1332309614729703,0.8414659297121324,1427568.6067304784,231266114.2903375,83.37445480882494,31.430232558139533,0.3192835415672118,0.2983320475835177,0.34357071256971594,0.1529986466681743
CESM2,ssp585,,,,,,,,,,,,0.2745732926558547,0.12925668892936967,0.8377129407800222,1406597.2431354597,227868753.38794446,85.61714049218426,29.186046511627904,0.31235724595081477,0.2976612661508693,0.34150498441557475,0.14619565529341502
CMCC-CM2-SR5,historical,0.28515025510277603,0.1358021249654328,0.8595843767601437,577518.2334627134,93557953.82095957,84.03406345627316,31.941176470588236,0.32529443186902246,0.3073338095674,0.34619632498666,0.16130298753107383,,,,,,,,,,,
CMCC-CM2-SR5,ssp126,,,,,,,,,,,,0.286024943367205,0.1359131124708054,0.8566298565738435,1465262.3090787996,237372494.07076553,84.62942918086021,37.45348837209303,0.3277818187840078,0.30769137350202486,0.34437523174212675,0.16383091160447452
CMCC-CM2-SR5,ssp245,,,,,,,,,,,,0.28577839556439033,0.1353703001559623,0.8559878679050847,1463999.2821602453,237167883.70995975,85.47769889529147,37.0,0.3255002590153501,0.3068207569590744,0.343552467511663,0.16681048811333085
CMCC-CM2-SR5,ssp585,,,,,,,,,,,,0.2912885850935317,0.13891470418711857,0.8572551631761214,1492227.1455692288,241740797.58221507,84.32730572092579,35.883720930232556,0.33304088082497935,0.3120824110624953,0.3508660744573171,0.16874058919855156
CMCC-ESM2,historical,0.28507365407569424,0.13595186909836132,0.8588176877934742,577363.0924833524,93532820.98230308,83.91649218875826,33.91176470588235,0.32598098398597236,0.3060306648970481,0.34619929432941415,0.16163119703358636,,,,,,,,,,,
CMCC-ESM2,ssp126,,,,,,,,,,,,0.28442418587666546,0.1345801031084254,0.8559694393998825,1457061.8717699042,236044023.22672448,84.4667473178186,35.63953488372093,0.32628676090819314,0.30259813521742046,0.3469224276347698,0.16146294044883533
CMCC-ESM2,ssp245,,,,,,,,,,,,0.2837993366107476,0.13416113206560895,0.8552843489108406,1453860.8639576952,235525459.96114662,85.38473783069625,35.23255813953489,0.3239416889080626,0.30216683066221833,0.34687383112702813,0.16176115358886348
CMCC-ESM2,ssp585,,,,,,,,,,,,0.28156383000122737,0.13269156881327793,0.8536595444472367,1442408.7033941275,233670209.94984865,85.14071503613384,33.01162790697675,0.3243249876018225,0.3027798278658276,0.34336294451473653,0.15534520887112174
EC-Earth3,historical,0.28456799307392366,0.13614018877398293,0.8559360748297506,576710.5031602918,93427101.51196727,81.99935582575087,34.21048393590466,0.3244947476422808,0.30559894337515076,0.3450860712778075,0.16248322749144434,,,,,,,,,,,
EC-Earth3,ssp126,,,,,,,,,,,,0.2823319625039698,0.13298771269206197,0.8522110567288801,1447311.3375514303,234464436.68333173,85.03342671590475,34.31316057557621,0.31984090571664986,0.30505967202085504,0.3437424945804658,0.16007331668602967
EC-Earth3,ssp245,,,,,,,,,,,,0.2843125548491218,0.13604391711948022,0.8513074373408402,1457464.398971693,236109232.63341424,81.861231376544,35.16140328536865,0.32295099483424095,0.30614398055042014,0.34476382711131215,0.1627984175172878
EC-Earth3,ssp585,,,,,,,,,,,,0.2810225023018487,0.13130696490731372,0.8487015760748923,1440598.6841919099,233376986.8390894,85.74223226792309,34.59203489112441,0.31983790943379287,0.3041550882531529,0.3400953549082953,0.15941361993425207
IPSL-CM6A-LR,historical,0.28687293215416854,0.13721496481596068,0.8641078968257102,581381.7332672438,94183840.7892935,81.70545132458331,33.44633223286899,0.3271360646429015,0.3095751275703945,0.34762047096426335,0.16256865987853422,,,,,,,,,,,
IPSL-CM6A-LR,ssp126,,,,,,,,,,,,0.28554261192647623,0.1387329764757759,0.862327895304996,1463770.0100619192,237130741.6300309,78.59607793200051,28.2476442124029,0.32265093684258894,0.307244837409344,0.3551862066118051,0.15640397616755708
IPSL-CM6A-LR,ssp245,,,,,,,,,,,,0.28518049079792807,0.13893749896999447,0.8606075962367216,1461913.6775012466,236830015.75520194,77.84079332739081,27.85257226537629,0.324295319410959,0.30644886311896363,0.354799638290597,0.15450763940069634
IPSL-CM6A-LR,ssp585,,,,,,,,,,,,0.2839613478415159,0.13842621910752642,0.8579643288826923,1455664.0151985362,235817570.46216285,76.96931109130269,26.78355405577486,0.32389146415343817,0.3022539525471597,0.35403290186630354,0.15502523972840032
MIROC6,historical,0.2967535730016874,0.14108265723303232,0.9,601406.0139081043,97427774.2531129,81.9699653756341,32.594009179483045,0.3373057238576545,0.31903256429306664,0.36090036837428474,0.16918806203515502,,,,,,,,,,,
MIROC6,ssp126,,,,,,,,,,,,0.2747292506388865,0.12987861056454433,0.8255151222610224,1408337.7442647074,228150714.57088262,82.74433337577996,33.44167833948809,0.314666938814389,0.2942373840915207,0.33234325469564263,0.15715018241834935
MIROC6,ssp245,,,,,,,,,,,,0.2745468346423336,0.13067843248524175,0.824296285934427,1407402.6296654958,227999226.00581032,81.40806061377818,32.53533681395645,0.3145326244525493,0.2955644750647209,0.33160864896490655,0.1559650100208924
MIROC6,ssp585,,,,,,,,,,,,0.2728884776200016,0.12942631319490988,0.8213208444844481,1398901.4351891691,226622032.5006454,81.33834203489113,30.815611868075894,0.3132273859817198,0.29350490582755884,0.33016028282549204,0.1541268039425836
MPI-ESM1-2-HR,historical,0.28102047865202506,0.13361517769938894,0.8475367383623865,569521.0479966182,92262409.77545215,82.82228842902005,33.387551332635475,0.320667685026345,0.3030005169567948,0.3411980571564762,0.15861984987446928,,,,,,,,,,,
MPI-ESM1-2-HR,ssp126,,,,,,,,,,,,0.2813863665096728,0.13499736954878755,0.846004271493219,1442463.952256646,233679160.26557666,80.5481981408379,31.547656946389914,0.32008146609781735,0.3055141809967499,0.3411612150091804,0.15819883554075068
MPI-ESM1-2-HR,ssp245,,,,,,,,,,,,0.28070553608850646,0.13454696089845752,0.8448731895237774,1438973.8281532156,233113760.16082093,79.92073093085446,30.838851394371577,0.31965813715777525,0.30500745343927177,0.3406545004337928,0.15691882994267498
MPI-ESM1-2-HR,ssp585,,,,,,,,,,,,0.2805300110895201,0.13543623316327996,0.8425247204797008,1438074.0387039315,232967994.2700369,78.31720361645232,28.340602317585635,0.31859026359150977,0.30479404277394706,0.3444516061028343,0.15364349382663914
MPI-ESM1-2-LR,historical,0.2824787525453409,0.13441357186119568,0.8504323633677809,572476.4115344326,92741178.66857807,81.6466704243498,32.68218052983332,0.321591447032502,0.3045663044250895,0.3430612547990184,0.16010106952790978,,,,,,,,,,,
MPI-ESM1-2-LR,ssp126,,,,,,,,,,,,0.28425191895557467,0.13892702061878182,0.8491199064821876,1457153.5626943721,236058877.1564883,75.70275690818795,30.94342926270215,0.3239069002589038,0.30902495263356394,0.3459572909335617,0.1575215451230806
MPI-ESM1-2-LR,ssp245,,,,,,,,,,,,0.2824456998374223,0.13726681023266818,0.8479559766831041,1447894.386423222,234558890.60056198,77.10874824907678,28.468419712211894,0.3216610299299277,0.3037840237439167,0.3484573309856185,0.15525737153472127
MPI-ESM1-2-LR,ssp585,,,,,,,,,,,,0.2812628797607715,0.1374402538532274,0.846312221746058,1441830.9251982253,233576609.8821125,76.26050553928435,26.737075003183495,0.31984237279202166,0.30426138894299315,0.35030906017446556,0.14996766095633315
NorESM2-MM,historical,0.28137946943861686,0.13393389228205588,0.8470649701992892,569881.216007664,92320756.99324156,84.35738444193913,32.5,0.3211975978997986,0.3028719583259252,0.3420634798704967,0.1589193650554119,,,,,,,,,,,
NorESM2-MM,ssp126,,,,,,,,,,,,0.2815596781129748,0.13636943822606942,0.8442353756996956,1442387.433901696,233666764.29207474,77.7851708000382,31.837209302325583,0.3224794237838728,0.30273229207973756,0.3462884004276107,0.15424429296715594
NorESM2-MM,ssp245,,,,,,,,,,,,0.2791352058841024,0.13356240435282354,0.8429381603220593,1429967.2311929625,231654691.45325992,83.67657826875936,29.01162790697674,0.31517600151866637,0.2999637374547234,0.34621566498570777,0.15461543941206327
NorESM2-MM,ssp585,,,,,,,,,,,,0.2752408883887854,0.12913672454157094,0.8398911007573825,1410017.2346007128,228422792.00531548,85.68686129063067,28.6046511627907,0.31467772577979464,0.29366950183361984,0.3433733337819659,0.1487251435724316
