cf_mean,P50_CF,P90_CF,energy_turb_MWh,energy_plant_MWh,days_lt5,days_gt25,cf_DJF,cf_MAM,cf_JJA,cf_SON,model,exp,horizon
0.2799594925739797,0.3060947396325767,0.4471455694421315,567347.081957054,91910227.27704275,2774.0,1163.0,0.31934246453652315,0.3018370685498079,0.3402037072247977,0.15788324206937962,ACCESS-CM2,historical,hist
0.2784888202563366,0.30534661487101933,0.4415523032624766,498034.25635461044,80681549.52944688,2398.0,958.0,0.3140622476668187,0.2945173062724323,0.34766861264723636,0.1570574320398924,ACCESS-CM2,ssp126,mid
0.2891480169701523,0.3121349011820035,0.44953371172039713,517049.3949409276,83762001.98043028,2129.0,1097.0,0.31946277156451974,0.3079860568284465,0.35535318233915136,0.17311091546308918,ACCESS-CM2,ssp126,late
0.2889410938725889,0.314623172958744,0.4467004785430694,516726.5338862313,83709698.48956947,2094.0,1039.0,0.3243360207212127,0.310545451552058,0.35837675996366886,0.161790937274498,ACCESS-CM2,ssp245,mid
0.268232964460325,0.28974902399083824,0.43389909219467276,479649.4661477787,77703213.51594014,2571.0,838.0,0.30624993118211846,0.2790544414788372,0.33441031635811347,0.1526913173083527,ACCESS-CM2,ssp245,late
0.2969920588904159,0.3207549973566294,0.4674872193734467,531124.4417516161,86042159.5637618,2309.0,855.0,0.3398146096050933,0.32187264090219647,0.37388304997859956,0.1516246562928893,ACCESS-CM2,ssp585,mid
0.3151784120655729,0.3325873577666267,0.4699302675512629,563596.4893156051,91302631.26912804,1667.0,906.0,0.3418792769786547,0.32902998046566445,0.39433911481465095,0.1946681154753091,ACCESS-CM2,ssp585,late
0.2840804248895584,0.31047747374022555,0.4610323042672993,575351.4934939214,93206941.94601525,2848.0,1144.0,0.3236118072643862,0.3062765362473743,0.3446555226076615,0.16130267050803057,CanESM5,historical,hist
0.3065220550950424,0.3347597690991686,0.47962328837281076,547767.1733370444,88738282.0806012,2173.0,944.0,0.35055931916731087,0.31965719640504925,0.37198589282358274,0.18350601291866303,CanESM5,ssp126,mid
0.2971349553985048,0.32545978294489697,0.4803667165149666,530992.0506953441,86020712.21264574,2391.0,951.0,0.3345921470125358,0.32296676083276343,0.368889919839965,0.1614302293124729,CanESM5,ssp126,late
0.28631401124812883,0.31355811700985436,0.45007215468299666,511654.5906608561,82888043.68705869,2222.0,876.0,0.32101532006490313,0.306807781729901,0.35517177409260864,0.16166061718741595,CanESM5,ssp245,mid
0.2847545255653364,0.31274933725122717,0.44965478040203094,508867.7273662788,82436571.83333717,2277.0,861.0,0.3218745443509705,0.3023111504112256,0.35934022591318004,0.1548875408562104,CanESM5,ssp245,late
0.2729401033325845,0.2994656439864247,0.43873474190358913,487754.8822594618,79016290.92603281,2465.0,671.0,0.32255438970851386,0.2993863540089476,0.3360989248885826,0.13328128553905833,CanESM5,ssp585,mid
0.3030036740586135,0.3237677339482826,0.45405770909410087,541479.6856897047,87719709.08173217,1654.0,987.0,0.3207323823725977,0.31584897953339613,0.39285169417044247,0.18164796304513178,CanESM5,ssp585,late
0.2818159364346789,0.30807924983459534,0.45702865636856416,570765.1978523922,92463962.05208755,2848.0,1056.0,0.3214121575522271,0.3022811648371783,0.3419303471869649,0.16118970893116663,CESM2-WACCM,historical,hist
0.2832140786258962,0.3081599124949834,0.4512873442179177,506114.8870676216,81990611.7049547,2282.0,942.0,0.31979762207309,0.29359075726333095,0.35276675614887487,0.1662248514060558,CESM2-WACCM,ssp126,mid
0.2698917077278164,0.29127648993833294,0.4409491006558807,482307.27737791697,78133778.93522255,2538.0,830.0,0.3085218779942923,0.27690310452999883,0.33888246645520753,0.15484870077502969,CESM2-WACCM,ssp126,late
0.2715906726130139,0.2988563896866148,0.4467596984149684,485343.39558636036,78625630.08499038,2652.0,823.0,0.3186045929492264,0.2954822519452339,0.3332561963911653,0.1385960977073734,CESM2-WACCM,ssp245,mid
0.2853114339431378,0.3109536798758691,0.4521672115673542,509862.9449137448,82597797.07602666,2285.0,970.0,0.32031695433599233,0.2952720228559321,0.3574526902729091,0.16768652627640193,CESM2-WACCM,ssp245,late
0.2687218341375389,0.2910494495436646,0.4388347488553605,480216.6664771476,77795099.96929792,2732.0,742.0,0.31152003558972985,0.29650083255116705,0.33618934316868415,0.1301007702296672,CESM2-WACCM,ssp585,mid
0.2871440747427108,0.3085234698535131,0.4448751725455779,513137.94732821384,83128347.46717064,2124.0,917.0,0.3199714233856397,0.29001633914033054,0.3666538147450791,0.17139016504312282,CESM2-WACCM,ssp585,late
0.28118735425837266,0.30773988000377517,0.4566466822660622,569492.1228277333,92257723.89809279,2871.0,1082.0,0.3210262726527083,0.30121994507644323,0.34206514064105714,0.15998672395112365,CESM2,historical,hist
0.2789281178666346,0.303564095570252,0.4514247262895234,498455.7037523906,80749824.00788727,2400.0,978.0,0.3203672037460635,0.29509200323911833,0.3473455313195343,0.15243364290966882,CESM2,ssp126,mid
0.28386330015573363,0.3059518695417895,0.45183151502066715,507275.0719103023,82178561.64946897,2255.0,985.0,0.3217838314292358,0.2909565651306261,0.35298432230736587,0.16930767125182755,CESM2,ssp126,late
0.2853323638902775,0.312684336184635,0.45463913652307114,509900.3475664814,82603856.30576998,2385.0,1009.0,0.32055956902046023,0.30926104399672527,0.3516882584311836,0.1592155580740904,CESM2,ssp245,mid
0.28054783485986545,0.30367496319792786,0.45155471330986036,501350.20280797395,81218732.85489178,2400.0,937.0,0.314541703995986,0.29197593484963197,0.35317874685668893,0.16194478733220471,CESM2,ssp245,late
0.27354202146965223,0.299273831733591,0.44420489925827,488830.53404712724,79190546.51563461,2635.0,845.0,0.3134749501240516,0.30149296117870006,0.3396543987269056,0.1389509364169527,CESM2,ssp585,mid
0.2890024793711544,0.3107026613693382,0.45351342944579104,516458.9907354278,83666356.49913931,2164.0,1032.0,0.3060180163596629,0.2987645307042206,0.37034043868161914,0.18007281664400498,CESM2,ssp585,late
0.28515025510277603,0.31246451683593823,0.46365845894037255,577518.2334627135,93557953.8209596,2859.0,1086.0,0.32529443186902246,0.3073338095674,0.34619632498666,0.16130298753107383,CMCC-CM2-SR5,historical,hist
0.2937498253248552,0.3198759838728161,0.4723749900170935,524942.6878485292,85040715.43146174,2326.0,1170.0,0.3293664724207108,0.3193245854002063,0.35667205510214023,0.16905508570870648,CMCC-CM2-SR5,ssp126,mid
0.2754909160284324,0.2999571090930711,0.4662225193456335,492313.2865794498,79754752.42587087,2829.0,1037.0,0.32468655935426205,0.31005570722374015,0.32073705156623683,0.14614791428369628,CMCC-CM2-SR5,ssp126,late
0.2865698596698479,0.313798822644451,0.46711937371311435,512111.802024405,82962111.9279536,2507.0,1110.0,0.32174045481450997,0.30122714434746034,0.34913289883961096,0.17371685574701137,CMCC-CM2-SR5,ssp245,mid
0.2751294491719964,0.30030720224997565,0.46222356634820577,491667.33084832435,79650107.59742855,2794.0,1014.0,0.32468207685273437,0.3019641240946673,0.32197459197695194,0.15163186980707252,CMCC-CM2-SR5,ssp245,late
0.29394029037489555,0.31992375007508445,0.47967019681736295,525283.0565115532,85095855.15487163,2538.0,1083.0,0.3353812563622238,0.32165259989164713,0.35227247316504356,0.16596468343979315,CMCC-CM2-SR5,ssp585,mid
0.27944134239235896,0.30430522139570204,0.46289618441389413,499372.85650884104,80898402.75443225,2672.0,1014.0,0.3234218588020156,0.30787735449674863,0.32944822620261954,0.15663922260096405,CMCC-CM2-SR5,ssp585,late
0.28507365407569424,0.31289247074259896,0.4633495044038645,577363.0924833524,93532820.98230308,2855.0,1153.0,0.32598098398597236,0.3060306648970481,0.34619929432941415,0.16163119703358636,CMCC-ESM2,historical,hist
0.2867537388827555,0.3151265835124207,0.4686165511130761,512440.4015330393,83015345.04835236,2480.0,1095.0,0.33181108291252454,0.30492994388671707,0.3449389694971848,0.16499095822812715,CMCC-ESM2,ssp126,mid
0.2734284316243873,0.29842284480332115,0.4582630751749228,488627.544450045,79157662.20090729,2812.0,969.0,0.3206968864925645,0.29664533903736534,0.3328643299392045,0.14311833200797935,CMCC-ESM2,ssp126,late
0.2831722065903536,0.3094937796897118,0.4649856304447555,506040.0600652254,81978489.73056652,2617.0,1016.0,0.32855044600981037,0.29720409294269284,0.3415376247590661,0.16509974984653064,CMCC-ESM2,ssp245,mid
0.286414565135068,0.31070109520377104,0.4675793656194985,511834.2844789718,82917154.08559343,2479.0,1112.0,0.32923569447192735,0.308383947202723,0.3469648052430339,0.16063756644853525,CMCC-ESM2,ssp245,late
0.28267684396513987,0.30875498202755863,0.4638405376964132,505154.8272394635,81835082.0127931,2571.0,1001.0,0.325049001138093,0.3082548462861996,0.33908521370181083,0.15788299369176623,CMCC-ESM2,ssp585,mid
0.27035036103086263,0.2918345476648504,0.4528281930766536,483126.9091765927,78266559.28660803,2765.0,889.0,0.31754714009432106,0.2923216105498649,0.32802034273400765,0.14315581830395274,CMCC-ESM2,ssp585,late
0.2845720560925392,0.30897322121557824,0.45592489124649366,576700.3505168527,93425456.78373013,2789.0,1164.0,0.32455996116824304,0.30559894337515076,0.3450860712778075,0.16248322749144434,EC-Earth3,historical,hist
0.28458284762233976,0.31113869670975103,0.4573097834804477,508932.4833808818,82447062.30770285,2500.0,1094.0,0.3265928976901879,0.3026714749305101,0.3464388883841618,0.1620881591765846,EC-Earth3,ssp126,mid
0.2836065141129402,0.3083544311257951,0.45677466019883484,507140.1770621112,82156708.68406202,2550.0,1037.0,0.3175285678984284,0.30955029815199464,0.3415486203774987,0.16516253725019722,EC-Earth3,ssp126,late
0.2790193958425786,0.30212516536096223,0.45206230954715,498983.10886973375,80835263.63689686,2554.0,987.0,0.32022535648891565,0.3035941657754125,0.33788596307203456,0.1537872229494649,EC-Earth3,ssp245,mid
0.28771123681806426,0.31077322319299583,0.4589059413106466,514480.16996029444,83345787.5335677,2377.0,1124.0,0.3183677832118652,0.3138899620292706,0.34620334682296233,0.17171168506551196,EC-Earth3,ssp245,late
0.27635641119775933,0.3007820838678166,0.4533476821903336,494220.7719973036,80063765.06356318,2669.0,973.0,0.31177341806811965,0.2929511610478667,0.33944053697688215,0.1606703484352645,EC-Earth3,ssp585,mid
0.29157539112884207,0.32135700518384663,0.46132480793774255,521389.9826897115,84465177.19573326,2324.0,1198.0,0.3311763662174163,0.32362745614066696,0.3405312278186041,0.1704099522053439,EC-Earth3,ssp585,late
0.286862454924369,0.31006794744075383,0.46147280776522076,581347.6340129061,94178316.71009079,2780.0,1138.0,0.32710648610502596,0.3095751275703945,0.34762047096426335,0.16256865987853422,IPSL-CM6A-LR,historical,hist
0.28654339309921745,0.31010690929216317,0.4520045863343722,512438.61625805584,83015055.83380504,2347.0,851.0,0.3235507965100097,0.3090420777755773,0.35421784135971685,0.15867017136216363,IPSL-CM6A-LR,ssp126,mid
0.2857980753468766,0.30504659468551143,0.45263649369681147,511059.08828915865,82791572.3028437,2310.0,849.0,0.31679584076149614,0.30200925890046043,0.3615354675563457,0.16210246359471525,IPSL-CM6A-LR,ssp126,late
0.2847950090072278,0.3059838217155517,0.45026558846657005,509311.90126003616,82508528.00412586,2354.0,824.0,0.3137768258142262,0.3173820587674828,0.35411336033353985,0.1530215046437565,IPSL-CM6A-LR,ssp245,mid
0.2871900535343343,0.3093857311391456,0.44797853343490907,513548.1991851543,83194808.267995,2255.0,847.0,0.3282783002143364,0.30523142272964376,0.35970842097136957,0.15489307299659166,IPSL-CM6A-LR,ssp245,late
0.28526360688518876,0.30643678787766016,0.4400701393220927,510149.916213257,82644286.42654763,2172.0,766.0,0.32170295880605243,0.30094456389896856,0.348845728340826,0.16898380410962485,IPSL-CM6A-LR,ssp585,mid
0.29421449735432637,0.3204147014186016,0.4522863677881097,526109.1859938529,85229688.13100417,2116.0,934.0,0.33136021535606347,0.328864605342816,0.3666691609914074,0.1490999814871917,IPSL-CM6A-LR,ssp585,late
0.2967538721245998,0.32318280138376465,0.474939800338791,601373.3935087421,97422489.74841622,2789.0,1109.0,0.3372853672500115,0.31903256429306664,0.36090036837428474,0.16918806203515502,MIROC6,historical,hist
0.2762515272065663,0.301534057830246,0.438051477872383,494033.2031731431,80033378.91404918,2387.0,977.0,0.3120461252301714,0.2883557330401994,0.3357600287507111,0.16834572361294378,MIROC6,ssp126,mid
0.28197166756649494,0.3121753494139841,0.441665944473036,504216.7732410572,81683117.26505126,2299.0,1077.0,0.3206114249532424,0.2913373826081901,0.34788137040776773,0.1675548263200054,MIROC6,ssp126,late
0.27152467197004415,0.2950887139222972,0.4378356500483975,485579.9524090717,78663952.29026961,2474.0,949.0,0.31379906051310813,0.2930666341581096,0.3248977162235955,0.15385270788452032,MIROC6,ssp245,mid
0.2796525341282949,0.30969442047831386,0.4411123865599885,500069.73964361625,81011297.82226583,2349.0,1047.0,0.31575207485906626,0.29344674222452516,0.3431133692578945,0.16575312897756647,MIROC6,ssp245,late
0.277207298094122,0.3039177393429024,0.4394306191540986,495742.4518345113,80310277.19719084,2364.0,986.0,0.3123118629908679,0.29821330010377345,0.3352550617243573,0.16246313878772053,MIROC6,ssp585,mid
0.2798541645420975,0.3049676912155213,0.4379603844473216,500430.2916008828,81069707.239343,2188.0,967.0,0.31350512321502444,0.2873726280694386,0.35377558273477866,0.16415188663921296,MIROC6,ssp585,late
0.2810203807386814,0.305956478030761,0.4510770679728957,569501.3829946788,92259224.04513797,2818.0,1136.0,0.3206936547180657,0.3030005169567948,0.3411980571564762,0.15861984987446928,MPI-ESM1-2-HR,historical,hist
0.275623715037446,0.2991455014789147,0.4413295871728694,492910.45804287033,79851494.202945,2494.0,842.0,0.3168421388524842,0.30500175016573855,0.33114533125223966,0.14890483980006822,MPI-ESM1-2-HR,ssp126,mid
0.29190990510259457,0.3187636800401049,0.4560880018586426,521988.1546901298,84562081.05980103,2190.0,1124.0,0.32552976316367843,0.31907329058260125,0.35260934321126275,0.16974494214431743,MPI-ESM1-2-HR,ssp126,late
0.2809867002262311,0.30565947580604835,0.4469550480614035,502501.32900809933,81405215.29931208,2365.0,940.0,0.31572788779517214,0.30401003174334873,0.3385750255156795,0.16502797908234307,MPI-ESM1-2-HR,ssp245,mid
0.2917955736452321,0.3173522969492975,0.4492586591884715,521783.70919030794,84528960.88882989,2076.0,989.0,0.3160177357411772,0.3154602171371011,0.36553794884277435,0.16930005555860292,MPI-ESM1-2-HR,ssp245,late
0.2733429398815195,0.3006825220313588,0.436386917038077,488831.6438281798,79190726.30016513,2482.0,767.0,0.3134897875295488,0.2931199061412584,0.34003316508975445,0.14610223955826993,MPI-ESM1-2-HR,ssp585,mid
0.3051058680641659,0.3315392866470053,0.4560616327832554,545584.9434090635,88384760.83226828,1766.0,1106.0,0.3339332903306053,0.32599779973906684,0.3734946631201921,0.18625948057236713,MPI-ESM1-2-HR,ssp585,late
0.28246956745323065,0.3061000953113645,0.45151441248966145,572444.6873572718,92736039.35187803,2778.0,1112.0,0.3215695483252464,0.3045663044250895,0.3430612547990184,0.16010106952790978,MPI-ESM1-2-LR,historical,hist
0.2863155659152756,0.31006599855033107,0.44936614437673444,512031.1825160931,82949051.56760707,2256.0,959.0,0.31938765943138325,0.31096401890546055,0.35371978981504987,0.160445742670621,MPI-ESM1-2-LR,ssp126,mid
0.28083845031845034,0.30354373569741416,0.4447026237343496,502190.37410272734,81354840.60464182,2338.0,881.0,0.32103626259388196,0.31142733401596273,0.3376998364024679,0.1525680391731699,MPI-ESM1-2-LR,ssp126,late
0.27808373671225056,0.3057114842467848,0.4379456711229569,497309.82698091166,80564191.97090769,2436.0,777.0,0.3185666760004692,0.30299207105060727,0.34156744917009185,0.14856364559503357,MPI-ESM1-2-LR,ssp245,mid
0.2964561884767033,0.32037433077970195,0.4505383300485428,530117.7386051235,85879073.65403001,1939.0,956.0,0.3271344028330827,0.31501140706424585,0.36459737899486777,0.17838731836883862,MPI-ESM1-2-LR,ssp245,late
0.282784957812648,0.30590420291353415,0.43951932988353093,505717.2350504347,81926192.07817042,2239.0,798.0,0.31663274547750614,0.303174277046176,0.35634580585269476,0.15422734950806855,MPI-ESM1-2-LR,ssp585,mid
0.29620986935075905,0.31868115529006213,0.4485081463739429,529677.2750793268,85807718.56285095,1894.0,939.0,0.3302598151350294,0.31489136645878696,0.3725744056453807,0.16635629593342138,MPI-ESM1-2-LR,ssp585,late
0.28137946943861686,0.3088151349761973,0.4568493176302646,569881.2160076641,92320756.99324158,2870.0,1105.0,0.3211975978997986,0.3028719583259252,0.3420634798704967,0.1589193650554119,NorESM2-MM,historical,hist
0.29200195202887286,0.3186407229433412,0.4550229282382591,521819.1683536769,84534705.27329566,1993.0,978.0,0.32400460623647354,0.30770680235602066,0.3659854759105204,0.1696770146014747,NorESM2-MM,ssp126,mid
0.2528241153976886,0.27263973834469635,0.4267059009400258,451806.8071802855,73192702.76320626,2891.0,613.0,0.29441685171853715,0.26641140740274194,0.31939043653076343,0.13065402003962126,NorESM2-MM,ssp126,late
0.28056799079516437,0.30583330198941744,0.4491050575303073,501386.2222705906,81224568.00783567,2401.0,807.0,0.3122046267402281,0.30349173097716686,0.3447463278877283,0.16121976723125417,NorESM2-MM,ssp245,mid
0.2811302146752037,0.308000562226559,0.45254466104847574,502390.93883317604,81387332.09097452,2491.0,905.0,0.31981883222657137,0.29063161648146946,0.35525478712071096,0.15832180576546523,NorESM2-MM,ssp245,late
0.2790785888126039,0.3061157752189746,0.44614115290859324,498724.6013516756,80793385.41897145,2434.0,852.0,0.3223326826378943,0.29451320703113093,0.34306583421578335,0.15600518334586613,NorESM2-MM,ssp585,mid
0.29247147349063973,0.32077548932789435,0.4557880800313682,522658.2219867128,84670631.96184747,2209.0,1074.0,0.32102855699173355,0.30862710881105415,0.37399674695646673,0.16547387872764363,NorESM2-MM,ssp585,late
