model,scenario,horizon,cf_future,cf_hist,delta_cf_pp,delta_cf_pct
ACCESS-CM2,ssp126,lejano,0.6915289171276806,0.6678897919547954,2.3639125172885245,3.5393751270995866
CESM2,ssp126,lejano,0.625317886173858,0.668424812810764,-4.310692663690608,-6.449031485776091
CESM2-WACCM,ssp126,lejano,0.6336822508449548,0.6702082042687437,-3.652595342378895,-5.449941255738877
CMCC-CM2-SR5,ssp126,lejano,0.6092817673744474,0.667433457681674,-5.815169030722656,-8.712732278842616
CMCC-ESM2,ssp126,lejano,0.6371456744265739,0.6681122011305053,-3.0966526703931407,-4.6349290810036585
CanESM5,ssp126,lejano,0.6687707604140187,0.6679650949379724,0.08056654760463244,0.12061490669974528
EC-Earth3,ssp126,lejano,0.6527542558297338,0.6686916461643226,-1.5937390334588852,-2.3833691397234014
IPSL-CM6A-LR,ssp126,lejano,0.7214876216041228,0.6684594007662772,5.302822083784564,7.932900753143368
MIROC6,ssp126,lejano,0.6817024513311145,0.667908339793007,1.37941115381075,2.0652701450595057
MPI-ESM1-2-HR,ssp126,lejano,0.689829808064749,0.6682082606790736,2.1621547385675455,3.2357497891005282
MPI-ESM1-2-LR,ssp126,lejano,0.6976780310852235,0.6684359299124192,2.9242101172804347,4.374705168322679
NorESM2-MM,ssp126,lejano,0.600731074644851,0.6682211722555689,-6.74900976107179,-10.09996396595849
ACCESS-CM2,ssp245,lejano,0.6587999891763066,0.6678897919547954,-0.9089802778488809,-1.3609734551990327
CESM2,ssp245,lejano,0.7030892533198642,0.668424812810764,3.4664440509100114,5.185989485239806
CESM2-WACCM,ssp245,lejano,0.7322617662996138,0.6702082042687437,6.205356203087009,9.258848464646285
CMCC-CM2-SR5,ssp245,lejano,0.607131602333265,0.667433457681674,-6.030185534840893,-9.034886497579409
CMCC-ESM2,ssp245,lejano,0.6577057125056467,0.6681122011305053,-1.04064886248586,-1.5575959557765695
CanESM5,ssp245,lejano,0.7010792953985395,0.6679650949379724,3.3114200460567123,4.957474681164609
EC-Earth3,ssp245,lejano,0.6465196782999799,0.6686916461643226,-2.2171967864342723,-3.3157237706681664
IPSL-CM6A-LR,ssp245,lejano,0.729655315486425,0.6684594007662772,6.119591472014784,9.154769107891504
MIROC6,ssp245,lejano,0.6784338673934732,0.667908339793007,1.0525527600466211,1.5758940221839657
MPI-ESM1-2-HR,ssp245,lejano,0.700291858945205,0.6682082606790736,3.2083598266131386,4.801436940262627
MPI-ESM1-2-LR,ssp245,lejano,0.7393536759885281,0.6684359299124192,7.0917746076108905,10.609505399477982
NorESM2-MM,ssp245,lejano,0.7045292424299169,0.6682211722555689,3.6308070174348006,5.433540821789706
ACCESS-CM2,ssp585,lejano,0.7668218277551255,0.6678897919547954,9.893203580033017,14.81262881871177
CESM2,ssp585,lejano,0.7463486030839296,0.668424812810764,7.792379027316554,11.657824302705277
CESM2-WACCM,ssp585,lejano,0.7775403766511416,0.6702082042687437,10.733217238239789,16.014750595228342
CMCC-CM2-SR5,ssp585,lejano,0.6332060844820462,0.667433457681674,-3.4227373199627764,-5.12820758469561
CMCC-ESM2,ssp585,lejano,0.6676970751695144,0.6681122011305053,-0.041512596099091414,-0.06213416852566267
CanESM5,ssp585,lejano,0.7680127972239167,0.6679650949379724,10.004770228594428,14.977983586887088
EC-Earth3,ssp585,lejano,0.6910281690387572,0.6686916461643226,2.233652287443455,3.3403322746080155
IPSL-CM6A-LR,ssp585,lejano,0.7387716005504116,0.6684594007662772,7.031219978413439,10.51854453741441
MIROC6,ssp585,lejano,0.7034791691442346,0.667908339793007,3.5570829351227573,5.32570522509892
MPI-ESM1-2-HR,ssp585,lejano,0.746561590231614,0.6682082606790736,7.835332955254037,11.725884602640658
MPI-ESM1-2-LR,ssp585,lejano,0.7632850183399581,0.6684359299124192,9.484908842753892,14.189705278105924
NorESM2-MM,ssp585,lejano,0.738096379046066,0.6682211722555689,6.987520679049708,10.456898058861942
ACCESS-CM2,ssp126,medio,0.6694010814754763,0.6678897919547954,0.1511289520680914,0.22627827807604195
CESM2,ssp126,medio,0.6117617306476658,0.668424812810764,-5.666308216309823,-8.477106336736185
CESM2-WACCM,ssp126,medio,0.6609930158434765,0.6702082042687437,-0.9215188425267251,-1.3749739807082495
CMCC-CM2-SR5,ssp126,medio,0.6479122505946527,0.667433457681674,-1.9521207087021208,-2.9248169779842903
CMCC-ESM2,ssp126,medio,0.6608562906863588,0.6681122011305053,-0.7255910444146529,-1.0860317221970894
CanESM5,ssp126,medio,0.6886311887354866,0.6679650949379724,2.0666093797514162,3.093888281607482
EC-Earth3,ssp126,medio,0.6530222786747207,0.6686916461643226,-1.5669367489601904,-2.3432874598453335
IPSL-CM6A-LR,ssp126,medio,0.7193921483439426,0.6684594007662772,5.093274757766542,7.619422738206616
MIROC6,ssp126,medio,0.671896865286467,0.667908339793007,0.398852549345996,0.5971665954487282
MPI-ESM1-2-HR,ssp126,medio,0.6638713809607767,0.6682082606790736,-0.4336879718296882,-0.6490311439564467
MPI-ESM1-2-LR,ssp126,medio,0.7033967838009558,0.6684359299124192,3.4960853888536647,5.230247556129619
NorESM2-MM,ssp126,medio,0.6784954615423068,0.6682211722555689,1.0274289286737903,1.537558178837295
ACCESS-CM2,ssp245,medio,0.6945264048513801,0.6678897919547954,2.66366128965847,3.98817487816725
CESM2,ssp245,medio,0.7069899521928502,0.668424812810764,3.8565139382086167,5.769555325140852
CESM2-WACCM,ssp245,medio,0.7092308883510096,0.6702082042687437,3.9022684082265835,5.822471857807687
CMCC-CM2-SR5,ssp245,medio,0.6293481249570992,0.667433457681674,-3.8085332724574705,-5.706236672171617
CMCC-ESM2,ssp245,medio,0.6494642390243849,0.6681122011305053,-1.8647962106120408,-2.791142277384906
CanESM5,ssp245,medio,0.7033278113811806,0.6679650949379724,3.536271644320821,5.294096459709774
EC-Earth3,ssp245,medio,0.6306677034131691,0.6686916461643226,-3.8023942751153506,-5.686319392392947
IPSL-CM6A-LR,ssp245,medio,0.7241976991268141,0.6684594007662772,5.57382983605369,8.338322162369515
MIROC6,ssp245,medio,0.6647991709134746,0.667908339793007,-0.3109168879532387,-0.46550831817671057
MPI-ESM1-2-HR,ssp245,medio,0.6770133979901577,0.6682082606790736,0.8805137311084121,1.3177235046654134
MPI-ESM1-2-LR,ssp245,medio,0.7051406118257605,0.6684359299124192,3.670468191334131,5.491129406845396
NorESM2-MM,ssp245,medio,0.7093964047951411,0.6682211722555689,4.117523253957223,6.161916779826937
ACCESS-CM2,ssp585,medio,0.7271028897450045,0.6678897919547954,5.921309779020911,8.865698877789828
CESM2,ssp585,medio,0.7202792697393552,0.668424812810764,5.185445692859114,7.757709758041487
CESM2-WACCM,ssp585,medio,0.7471324084158546,0.6702082042687437,7.692420414711087,11.477657787111383
CMCC-CM2-SR5,ssp585,medio,0.6426279551301299,0.667433457681674,-2.480550255154401,-3.7165506562565453
CMCC-ESM2,ssp585,medio,0.6835739103334283,0.6681122011305053,1.5461709202923002,2.3142384133623795
CanESM5,ssp585,medio,0.7113626780171004,0.6679650949379724,4.3397583079128,6.496983660973776
EC-Earth3,ssp585,medio,0.662087251563214,0.6686916461643226,-0.6604394601108621,-0.9876592057029621
IPSL-CM6A-LR,ssp585,medio,0.7355475454562754,0.6684594007662772,6.708814468999824,10.036233257112226
MIROC6,ssp585,medio,0.6966779268435471,0.667908339793007,2.8769587050540113,4.307415454560148
MPI-ESM1-2-HR,ssp585,medio,0.6882774755634767,0.6682082606790736,2.0069214884403164,3.0034371116585135
MPI-ESM1-2-LR,ssp585,medio,0.7389766686383251,0.6684359299124192,7.054073872590594,10.553103980384249
NorESM2-MM,ssp585,medio,0.7230355745101401,0.6682211722555689,5.481440225457124,8.20303284757442
