model,scenario,horizon,n_years,mean_GWh,q10,q25,q50,q75,q90,P90_exceedance_GWh,P50_exceedance_GWh,P10_exceedance_GWh
ACCESS-CM2,historical,historico,34,6449.228005368603,5534.52996132589,6108.456646097249,6546.116449122757,6917.327296899999,7121.344632665634,5534.52996132589,6546.116449122757,7121.344632665634
ACCESS-CM2,ssp126,medio,30,6464.371709868417,5634.556814748492,5911.982647796613,6647.087515724341,6987.972207187638,7272.868545247313,5634.556814748492,6647.087515724341,7272.868545247313
ACCESS-CM2,ssp126,lejano,30,6677.411823579301,5894.98164655122,6285.719619385514,6737.633115924187,7084.037081099311,7471.30210792658,5894.98164655122,6737.633115924187,7471.30210792658
ACCESS-CM2,ssp245,medio,30,6707.114652572898,6068.74435591726,6344.54496475091,6905.320127850962,7069.249385438346,7308.210843976855,6068.74435591726,6905.320127850962,7308.210843976855
ACCESS-CM2,ssp245,lejano,30,6361.63413351969,5403.208708080719,5991.074328285998,6525.119387383389,6782.769485954283,7168.657139634277,5403.208708080719,6525.119387383389,7168.657139634277
ACCESS-CM2,ssp585,medio,30,7021.433144679605,6343.765170688408,6700.913867681008,7119.323249403273,7443.319818786034,7717.931612015173,6343.765170688408,7119.323249403273,7717.931612015173
ACCESS-CM2,ssp585,lejano,30,7404.454621822339,6748.376433832351,7165.938186796934,7476.482399203158,7757.342443137795,7882.723820310836,6748.376433832351,7476.482399203158,7882.723820310836
CanESM5,historical,historico,34,6445.8738535929515,5751.877511904915,6114.67639364595,6533.103237249763,6946.310166190767,7187.152134528705,5751.877511904915,6533.103237249763,7187.152134528705
CanESM5,ssp126,medio,30,6645.301989396466,5982.64025552945,6356.466165600816,6645.752816574276,6997.397564167369,7207.934985418848,5982.64025552945,6645.752816574276,7207.934985418848
CanESM5,ssp126,lejano,30,6453.648538327447,5813.634394878711,6086.5898167441355,6445.859755247229,6897.89730278316,7101.692357013018,5813.634394878711,6445.859755247229,7101.692357013018
CanESM5,ssp245,medio,30,6787.124633073375,5956.718871995297,6413.795532801322,6902.860414374529,7241.475207378376,7522.600561998057,5956.718871995297,6902.860414374529,7522.600561998057
CanESM5,ssp245,lejano,30,6765.426417864632,6061.92446306006,6345.556702594084,6789.221153522821,7192.1547542774615,7435.111407623585,6061.92446306006,6789.221153522821,7435.111407623585
CanESM5,ssp585,medio,30,6864.661224667868,6191.624366640975,6531.453557291857,6915.002675510896,7258.6502336121775,7571.721552776747,6191.624366640975,6915.002675510896,7571.721552776747
CanESM5,ssp585,lejano,30,7411.335781415551,6619.0228763757905,7262.156098084046,7526.895975464422,7793.621980944647,7909.357209121943,6619.0228763757905,7526.895975464422,7909.357209121943
CESM2,historical,historico,34,6450.310138420878,5400.7086235408315,6177.936320763501,6521.614554921005,6878.048783541293,7144.091422131719,5400.7086235408315,6521.614554921005,7144.091422131719
CESM2,ssp126,medio,30,5903.510488937664,5055.169029396799,5413.188551047117,6039.51460651128,6472.350624506889,6697.358419674245,5055.169029396799,6039.51460651128,6697.358419674245
CESM2,ssp126,lejano,30,6034.3276066639055,5364.149413097078,5616.28893717828,5939.554456636179,6471.741515550695,6802.287584199538,5364.149413097078,5939.554456636179,6802.287584199538
CESM2,ssp245,medio,30,6822.464350500238,6271.254573863345,6548.105735629021,6790.497796762253,7252.10807916013,7529.634383777738,6271.254573863345,6790.497796762253,7529.634383777738
CESM2,ssp245,lejano,30,6784.82254396474,6089.129815052668,6550.417869824167,6906.956951410588,7086.457988580474,7187.381291806742,6089.129815052668,6906.956951410588,7187.381291806742
CESM2,ssp585,medio,30,6950.706477453093,6037.67775829208,6689.247702693686,7001.135598000261,7468.0299263137695,7648.50827704687,6037.67775829208,7001.135598000261,7648.50827704687
CESM2,ssp585,lejano,30,7202.27596133757,6281.211517856959,6944.9524650638305,7345.177709779358,7660.412708557325,7868.5613109033375,6281.211517856959,7345.177709779358,7868.5613109033375
CESM2-WACCM,historical,historico,34,6467.519894524645,5455.418276679251,6014.531059657425,6509.900219931658,6978.374206758975,7215.276485116588,5455.418276679251,6509.900219931658,7215.276485116588
CESM2-WACCM,ssp126,medio,30,6378.593178777802,5420.021763562413,5946.359470136162,6580.724183763425,6896.5078557436655,7104.815365167467,5420.021763562413,6580.724183763425,7104.815365167467
CESM2-WACCM,ssp126,lejano,30,6115.043859569827,5093.758370469593,5608.635769499886,6268.307069664705,6614.974509729471,7014.510016730846,5093.758370469593,6268.307069664705,7014.510016730846
CESM2-WACCM,ssp245,medio,30,6844.089420281455,5905.001070670324,6687.407687540412,6985.523354729372,7370.263769238003,7606.78832055031,5905.001070670324,6985.523354729372,7606.78832055031
CESM2-WACCM,ssp245,lejano,30,7066.337760979533,6252.839555678181,6846.697518243908,7070.295159730786,7449.434830219719,7915.753279161165,6252.839555678181,7070.295159730786,7915.753279161165
CESM2-WACCM,ssp585,medio,30,7209.83969533153,6290.735597928998,6904.506119446299,7182.455721282591,7638.246784821315,7912.911357748547,6290.735597928998,7182.455721282591,7912.911357748547
CESM2-WACCM,ssp585,lejano,30,7503.277075329543,6925.057687360555,7192.766009854008,7586.4334420959185,7862.848494328036,7988.9246415720545,6925.057687360555,7586.4334420959185,7988.9246415720545
CMCC-CM2-SR5,historical,historico,34,6440.743545563477,5638.466505026164,6120.170893569033,6522.726675267491,6834.037231039086,7142.999309340376,5638.466505026164,6522.726675267491,7142.999309340376
CMCC-CM2-SR5,ssp126,medio,30,6252.363584834408,5037.089189113929,5824.120233307327,6379.44330135929,6850.206136337085,7033.960311453769,5037.089189113929,6379.44330135929,7033.960311453769
CMCC-CM2-SR5,ssp126,lejano,30,5879.578803671696,5130.259099727478,5335.8616921389075,5967.411834700648,6402.291661380999,6608.527696480626,5130.259099727478,5967.411834700648,6608.527696480626
CMCC-CM2-SR5,ssp245,medio,30,6073.219475406006,5408.439639784428,5716.612840431112,6109.2914759651485,6437.945387933583,6905.516012807076,5408.439639784428,6109.2914759651485,6905.516012807076
CMCC-CM2-SR5,ssp245,lejano,30,5858.829676621646,4911.347168684359,5294.922599344416,5979.204813813736,6435.485695412691,6778.608390774669,4911.347168684359,5979.204813813736,6778.608390774669
CMCC-CM2-SR5,ssp585,medio,30,6201.370049053035,5110.01616322568,5605.96972302238,6462.769771970758,6791.022806734159,6965.068670862206,5110.01616322568,6462.769771970758,6965.068670862206
CMCC-CM2-SR5,ssp585,lejano,30,6110.448846549096,5391.4741115344705,5662.741527408877,5989.0045466650845,6556.486479202736,6934.475218583612,5391.4741115344705,5989.0045466650845,6934.475218583612
CMCC-ESM2,historical,historico,34,6447.293430704594,5623.1556717354915,6123.642419065874,6525.155285578005,6883.101578126881,7081.425712882301,5623.1556717354915,6525.155285578005,7081.425712882301
CMCC-ESM2,ssp126,medio,30,6377.273778824011,5649.907473515683,5997.487259844394,6438.349642290085,6869.590530561786,7140.538157395609,5649.907473515683,6438.349642290085,7140.538157395609
CMCC-ESM2,ssp126,lejano,30,6148.465952547228,5309.970290506167,5762.315708356693,6101.166828540657,6719.813811635069,7022.571568149825,5309.970290506167,6101.166828540657,7022.571568149825
CMCC-ESM2,ssp245,medio,30,6267.340298013138,5282.000398285786,6151.214504512465,6520.0310922505905,6755.639881406897,7194.916181537881,5282.000398285786,6520.0310922505905,7194.916181537881
CMCC-ESM2,ssp245,lejano,30,6346.870648970889,5270.968734583453,5982.523151267082,6420.188466263478,6938.500673923725,7185.07500135736,5270.968734583453,6420.188466263478,7185.07500135736
CMCC-ESM2,ssp585,medio,30,6596.499171900146,5664.42145705573,5935.248524507266,6750.059409668293,7234.694825860818,7514.218219638199,5664.42145705573,6750.059409668293,7514.218219638199
CMCC-ESM2,ssp585,lejano,30,6443.2874585390155,5516.04567751874,6091.106630841621,6479.061652159842,6928.291578659728,7141.173619596224,5516.04567751874,6479.061652159842,7141.173619596224
EC-Earth3,historical,historico,34,6457.18424289382,5737.947746357656,6064.069165197336,6509.18732734639,6856.428028807243,7122.317854402677,5737.947746357656,6509.18732734639,7122.317854402677
EC-Earth3,ssp126,medio,30,6306.014856323367,5698.575723190182,5884.519401293118,6343.120493650447,6713.310936404541,6939.082296259802,5698.575723190182,6343.120493650447,6939.082296259802
EC-Earth3,ssp126,lejano,30,6303.031480728634,5744.192109103322,6067.9544957275075,6176.414746780033,6683.177036249679,6800.217973747669,5744.192109103322,6176.414746780033,6800.217973747669
EC-Earth3,ssp245,medio,30,6090.414582909074,5564.01711095448,5819.342559532044,6162.963983328242,6396.695114609939,6517.469117137625,5564.01711095448,6162.963983328242,6517.469117137625
EC-Earth3,ssp245,lejano,30,6242.961690768513,5481.928646676475,6035.650015952742,6246.378198741699,6626.787603348029,7079.700633435981,5481.928646676475,6246.378198741699,7079.700633435981
EC-Earth3,ssp585,medio,30,6393.406936271278,5335.037502282373,5858.333711933889,6485.940836478252,7021.757984330551,7269.431569116504,5335.037502282373,6485.940836478252,7269.431569116504
EC-Earth3,ssp585,lejano,30,6672.805882747327,5518.308834519702,6222.72395574641,6918.874248469199,7359.683377601912,7525.992865465956,5518.308834519702,6918.874248469199,7525.992865465956
IPSL-CM6A-LR,historical,historico,34,6454.856589457538,5857.151351731775,6157.659518919947,6478.055320603409,6746.631487751004,6992.428103387242,5857.151351731775,6478.055320603409,6992.428103387242
IPSL-CM6A-LR,ssp126,medio,30,6947.353265995277,6272.231462750257,6663.369262399203,6935.882529831226,7301.654783955864,7666.346989129826,6272.231462750257,6935.882529831226,7666.346989129826
IPSL-CM6A-LR,ssp126,lejano,30,6966.90829657598,6501.477021249416,6753.978653316699,6987.685238630161,7211.9670059758955,7438.133222973152,6501.477021249416,6987.685238630161,7438.133222973152
IPSL-CM6A-LR,ssp245,medio,30,6993.627405202207,6503.282286110167,6746.233384676073,7003.369886877028,7247.597718667286,7453.651454518622,6503.282286110167,7003.369886877028,7453.651454518622
IPSL-CM6A-LR,ssp245,lejano,30,7045.850310101533,6453.174773217173,6714.7770857653195,7098.440059030369,7379.062611951132,7573.400254912678,6453.174773217173,7098.440059030369,7573.400254912678
IPSL-CM6A-LR,ssp585,medio,30,7103.298323186983,6612.003794299947,6825.034646290577,7077.568788980352,7433.300235313908,7581.151263954249,6612.003794299947,7077.568788980352,7581.151263954249
IPSL-CM6A-LR,ssp585,lejano,30,7133.731860096043,6648.426378875169,6921.641402392881,7220.147380223612,7422.862874679233,7617.776071568168,6648.426378875169,7220.147380223612,7617.776071568168
MIROC6,historical,historico,34,6449.494702482468,5796.151932915402,6129.828045016557,6532.090674849779,6845.55153483436,7046.61888318951,5796.151932915402,6532.090674849779,7046.61888318951
MIROC6,ssp126,medio,30,6488.395895932353,5635.759665445233,6214.1956993189015,6631.800398818883,6827.298563814818,7074.544594666857,5635.759665445233,6631.800398818883,7074.544594666857
MIROC6,ssp126,lejano,30,6582.761244469039,5855.1786046349525,6281.726847463621,6688.897087731375,6869.317998018729,7228.569492244248,5855.1786046349525,6688.897087731375,7228.569492244248
MIROC6,ssp245,medio,30,6420.178196542527,5811.195769542774,6220.6030749794645,6469.589019220032,6676.955184194177,6890.160382005694,5811.195769542774,6469.589019220032,6890.160382005694
MIROC6,ssp245,lejano,30,6551.179763119002,6104.805799599909,6294.308134658095,6515.6744239237,6902.440959232037,7123.49791238068,6104.805799599909,6515.6744239237,7123.49791238068
MIROC6,ssp585,medio,30,6727.909898581455,6157.391103920377,6521.936466495165,6850.471258092531,7093.353706272263,7358.501621096714,6157.391103920377,6850.471258092531,7358.501621096714
MIROC6,ssp585,lejano,30,6792.848786933292,6021.96565986338,6323.7044623882575,6928.448131470287,7227.761278867998,7483.522850143435,6021.96565986338,6928.448131470287,7483.522850143435
MPI-ESM1-2-HR,historical,historico,34,6452.411225985974,5732.003948266905,5951.191555185686,6493.846151978951,6910.037268187474,7275.440250076007,5732.003948266905,6493.846151978951,7275.440250076007
MPI-ESM1-2-HR,ssp126,medio,30,6411.031093270351,5601.169699055574,5958.002781290529,6459.537464296751,6863.7719968320125,7067.540515094152,5601.169699055574,6459.537464296751,7067.540515094152
MPI-ESM1-2-HR,ssp126,lejano,30,6661.3079927185645,5852.290513816355,6024.979425948057,6877.534551408691,7278.247540170876,7518.438640237996,5852.290513816355,6877.534551408691,7518.438640237996
MPI-ESM1-2-HR,ssp245,medio,30,6537.901328793837,5768.597519950086,6029.867689125547,6554.296053187092,6956.444778523502,7432.904783155358,5768.597519950086,6554.296053187092,7432.904783155358
MPI-ESM1-2-HR,ssp245,lejano,30,6762.12529687092,5863.134194520865,6518.828765625969,6868.332738740411,7189.856428926903,7392.88164378142,5863.134194520865,6868.332738740411,7392.88164378142
MPI-ESM1-2-HR,ssp585,medio,30,6646.760956679705,5793.84415136702,6340.93764364456,6709.89923109538,7031.819158475326,7406.9897898373865,5793.84415136702,6709.89923109538,7406.9897898373865
MPI-ESM1-2-HR,ssp585,lejano,30,7208.948120563283,6376.25940401183,6851.314916008758,7144.327206142656,7608.160234901854,8087.078298520552,6376.25940401183,7144.327206142656,8087.078298520552
MPI-ESM1-2-LR,historical,historico,34,6454.5764030443615,5711.038569778281,6118.324263434921,6410.074834542613,6799.968671763608,7167.237383441059,5711.038569778281,6410.074834542613,7167.237383441059
MPI-ESM1-2-LR,ssp126,medio,30,6792.68183002593,6039.330939810365,6552.163640835506,6842.773155444085,7228.180218046633,7324.517027848841,6039.330939810365,6842.773155444085,7324.517027848841
MPI-ESM1-2-LR,ssp126,lejano,30,6736.934648481727,6006.810666528738,6400.065443143028,6786.4766026073,7106.128873404388,7464.547282954855,6006.810666528738,6786.4766026073,7464.547282954855
MPI-ESM1-2-LR,ssp245,medio,30,6809.581666638359,6321.449461509988,6593.767019906361,6837.580803362951,7095.344588160578,7445.299986916098,6321.449461509988,6837.580803362951,7445.299986916098
MPI-ESM1-2-LR,ssp245,lejano,30,7139.4768197041,6627.275215266274,6918.334136047717,7201.665629585552,7469.051454794854,7628.345996031083,6627.275215266274,7201.665629585552,7628.345996031083
MPI-ESM1-2-LR,ssp585,medio,30,7136.378848424137,6277.395634717451,7024.744709142358,7234.832205986947,7401.264964822216,7596.881777608577,6277.395634717451,7234.832205986947,7596.881777608577
MPI-ESM1-2-LR,ssp585,lejano,30,7370.384973567354,6744.911296620737,7077.745193865338,7370.83788180016,7738.2535243842685,8007.150180396099,6744.911296620737,7370.83788180016,8007.150180396099
NorESM2-MM,historical,historico,34,6448.345003804996,5867.069078450277,6108.636397850787,6480.388182786679,6967.2158960779425,7274.911378960803,5867.069078450277,6480.388182786679,7274.911378960803
NorESM2-MM,ssp126,medio,30,6547.492059810644,5660.278840487097,5919.880179084283,6648.672651019662,7087.593969879929,7312.233538712667,5660.278840487097,6648.672651019662,7312.233538712667
NorESM2-MM,ssp126,lejano,30,5797.064482020005,5161.820846544217,5547.787787853961,5843.541634003079,6065.370726266232,6424.204240923665,5161.820846544217,5843.541634003079,6424.204240923665
NorESM2-MM,ssp245,medio,30,6845.686656615587,6194.754543118496,6563.937227960232,6887.184254210227,7264.155330226643,7389.474693329985,6194.754543118496,6887.184254210227,7389.474693329985
NorESM2-MM,ssp245,lejano,30,6798.718461916577,6023.695244798653,6647.514429608965,6879.491552895284,7160.1914478228155,7335.282389391236,6023.695244798653,6879.491552895284,7335.282389391236
NorESM2-MM,ssp585,medio,30,6977.304862592044,6064.257542930419,6402.716587169515,7096.354944788326,7596.869582345303,7698.309445209152,6064.257542930419,7096.354944788326,7698.309445209152
NorESM2-MM,ssp585,lejano,30,7122.6418673366,6482.473123763103,6805.455515376252,7163.0668361966145,7391.5439569825285,7746.537957048042,6482.473123763103,7163.0668361966145,7746.537957048042
