month,source,p5,p10,p25,p50,p75,p90,p95
1,model,4.960060119628906,5.461276865005493,6.2959144115448,7.022394180297852,7.660670757293701,8.248778820037842,8.611162281036377
2,model,5.6417738676071165,6.16005916595459,6.950446367263794,7.719275712966919,8.362955093383789,8.873030757904052,9.221267890930175
3,model,5.834493184089661,6.514403200149537,7.281886696815491,7.937535762786865,8.590435981750488,9.076962852478028,9.29845471382141
4,model,5.564712023735046,6.065192174911499,6.850273132324219,7.661397457122803,8.337037324905396,8.856782245635987,9.105274438858032
5,model,4.051869750022888,5.098121166229248,6.184586048126221,7.085587501525879,7.801238059997559,8.380960083007812,8.726738691329956
6,model,3.3618973374366763,4.337594366073609,5.5484172105789185,6.517361402511597,7.315140128135681,7.948910045623779,8.317654752731324
7,model,3.7634626150131227,4.59766263961792,5.644975543022156,6.4523820877075195,7.091499924659729,7.61888747215271,7.950915431976317
8,model,2.0491737842559816,2.773215651512146,4.234816312789917,5.4961419105529785,6.4438313245773315,7.046037864685059,7.366603660583492
9,model,1.7157318592071533,2.1138020277023317,3.2962945103645325,4.628581523895264,5.766940712928772,6.485439205169678,6.905715537071227
10,model,1.530005180835724,1.8022327303886414,2.7466031908988953,4.135926008224487,5.278724670410156,6.126701450347901,6.629647088050842
11,model,2.4303871512413027,3.339530372619629,4.673818945884705,5.92608380317688,6.9656219482421875,7.630000638961792,7.962293386459351
12,model,4.980452227592468,5.4311689853668215,6.211525917053223,6.832594394683838,7.405407905578613,7.941240930557251,8.23715944290161
1,era5,5.022193646430969,5.682925605773926,6.7917481660842896,7.940380334854126,8.946626424789429,9.775164604187012,10.405729675292967
2,era5,5.169231796264649,5.992717266082764,7.028737306594849,8.267228126525879,9.311521291732788,10.25022840499878,10.678886890411375
3,era5,4.95401656627655,5.640588188171387,6.773364782333374,7.935124158859253,9.009052038192749,10.083063697814941,10.605187654495237
4,era5,3.742251467704773,4.91734299659729,6.2824467420578,7.463263988494873,8.646890640258789,9.581149196624756,9.994337034225463
5,era5,1.5418587625026705,2.5180135011672973,5.72185754776001,7.392045497894287,8.718600988388062,9.773478412628174,10.193621015548706
6,era5,3.134663701057434,5.48986406326294,7.398963809013367,8.745914459228516,9.777226686477661,10.420591449737548,10.763981056213378
7,era5,5.070025086402893,6.320586824417115,7.732078433036804,8.823832988739014,9.850032806396484,10.540845966339111,10.931004762649534
8,era5,2.036226701736451,3.221838688850403,5.915982365608215,7.729440450668335,8.871264934539795,9.706291484832764,10.214530181884765
9,era5,0.9686088770627975,1.4539673805236817,3.292616069316864,5.659949064254761,7.352124094963074,8.484614562988282,8.964647006988525
10,era5,0.7378130167722703,1.1105731129646303,2.20585697889328,4.484089612960815,6.500673413276672,7.579873323440552,8.32630305290222
11,era5,1.4280418455600739,2.3131851911544805,3.926879048347473,5.655664920806885,7.024447441101074,8.071388435363769,8.668895626068112
12,era5,3.681457889080048,4.637020826339722,5.9728546142578125,7.175699472427368,8.345317840576172,9.34743356704712,9.792682313919066
