month,era_mean,model_mean,mean_ratio,era_std,model_std,std_ratio,rmse_mean_allmonths
1,7.8390126,6.918408,1.1330659,1.61254,1.1216137,1.4376963,1.1162023544311523
2,8.1454935,7.5919957,1.0729054,1.6942492,1.1200168,1.5126997,1.1162023544311523
3,7.8494678,7.8558736,0.9991846,1.7333128,1.0356919,1.6735797,1.1162023544311523
4,7.299322,7.528041,0.9696178,1.8898579,1.1550344,1.6361918,1.1162023544311523
5,6.8643613,6.8556256,1.0012742,2.560711,1.4138062,1.8112178,1.1162023544311523
6,8.24086,6.3003354,1.3080034,2.2402036,1.4690409,1.524943,1.1162023544311523
7,8.565274,6.249594,1.3705329,1.8430312,1.2576246,1.4654859,1.1162023544311523
8,7.124693,5.2235475,1.3639568,2.4129887,1.607676,1.5009172,1.1162023544311523
9,5.309645,4.4839334,1.184149,2.5364962,1.602575,1.582763,1.1162023544311523
10,4.445404,4.0597606,1.0949917,2.4503403,1.5874865,1.5435345,1.1162023544311523
11,5.4385295,5.695957,0.9548052,2.1620424,1.6476265,1.3122163,1.1162023544311523
12,7.0639834,6.7392735,1.0481818,1.8204665,1.0332932,1.7618102,1.1162023544311523
