dataset_id,doi,variable,year,daily_statistic,time_zone,frequency,north,west,south,east,target_file
derived-era5-land-daily-statistics,10.24381/cds.e9c9c792,10m_u_component_of_wind,1981,daily_mean,utc+00:00,1_hourly,12.125,-71.9583,12.1166667,-71.95,Datos_Era5/era5land_diario_guajira_10m_u_component_of_wind_1981.nc
derived-era5-land-daily-statistics,10.24381/cds.e9c9c792,10m_u_component_of_wind,1982,daily_mean,utc+00:00,1_hourly,12.125,-71.9583,12.1166667,-71.95,Datos_Era5/era5land_diario_guajira_10m_u_component_of_wind_1982.nc
derived-era5-land-daily-statistics,10.24381/cds.e9c9c792,10m_u_component_of_wind,1983,daily_mean,utc+00:00,1_hourly,12.125,-71.9583,12.1166667,-71.95,Datos_Era5/era5land_diario_guajira_10m_u_component_of_wind_1983.nc
derived-era5-land-daily-statistics,10.24381/cds.e9c9c792,10m_u_component_of_wind,1984,daily_mean,utc+00:00,1_hourly,12.125,-71.9583,12.1166667,-71.95,Datos_Era5/era5land_diario_guajira_10m_u_component_of_wind_1984.nc
derived-era5-land-daily-statistics,10.24381/cds.e9c9c792,10m_u_component_of_wind,1985,daily_mean,utc+00:00,1_hourly,12.125,-71.9583,12.1166667,-71.95,Datos_Era5/era5land_diario_guajira_10m_u_component_of_wind_1985.nc
derived-era5-land-daily-statistics,10.24381/cds.e9c9c792,10m_u_component_of_wind,1986,daily_mean,utc+00:00,1_hourly,12.125,-71.9583,12.1166667,-71.95,Datos_Era5/era5land_diario_guajira_10m_u_component_of_wind_1986.nc
derived-era5-land-daily-statistics,10.24381/cds.e9c9c792,10m_u_component_of_wind,1987,daily_mean,utc+00:00,1_hourly,12.125,-71.9583,12.1166667,-71.95,Datos_Era5/era5land_diario_guajira_10m_u_component_of_wind_1987.nc
derived-era5-land-daily-statistics,10.24381/cds.e9c9c792,10m_u_component_of_wind,1988,daily_mean,utc+00:00,1_hourly,12.125,-71.9583,12.1166667,-71.95,Datos_Era5/era5land_diario_guajira_10m_u_component_of_wind_1988.nc
derived-era5-land-daily-statistics,10.24381/cds.e9c9c792,10m_u_component_of_wind,1989,daily_mean,utc+00:00,1_hourly,12.125,-71.9583,12.1166667,-71.95,Datos_Era5/era5land_diario_guajira_10m_u_component_of_wind_1989.nc
derived-era5-land-daily-statistics,10.24381/cds.e9c9c792,10m_u_component_of_wind,1990,daily_mean,utc+00:00,1_hourly,12.125,-71.9583,12.1166667,-71.95,Datos_Era5/era5land_diario_guajira_10m_u_component_of_wind_1990.nc
derived-era5-land-daily-statistics,10.24381/cds.e9c9c792,10m_u_component_of_wind,1991,daily_mean,utc+00:00,1_hourly,12.125,-71.9583,12.1166667,-71.95,Datos_Era5/era5land_diario_guajira_10m_u_component_of_wind_1991.nc
derived-era5-land-daily-statistics,10.24381/cds.e9c9c792,10m_u_component_of_wind,1992,daily_mean,utc+00:00,1_hourly,12.125,-71.9583,12.1166667,-71.95,Datos_Era5/era5land_diario_guajira_10m_u_component_of_wind_1992.nc
derived-era5-land-daily-statistics,10.24381/cds.e9c9c792,10m_u_component_of_wind,1993,daily_mean,utc+00:00,1_hourly,12.125,-71.9583,12.1166667,-71.95,Datos_Era5/era5land_diario_guajira_10m_u_component_of_wind_1993.nc
derived-era5-land-daily-statistics,10.24381/cds.e9c9c792,10m_u_component_of_wind,1994,daily_mean,utc+00:00,1_hourly,12.125,-71.9583,12.1166667,-71.95,Datos_Era5/era5land_diario_guajira_10m_u_component_of_wind_1994.nc
derived-era5-land-daily-statistics,10.24381/cds.e9c9c792,10m_u_component_of_wind,1995,daily_mean,utc+00:00,1_hourly,12.125,-71.9583,12.1166667,-71.95,Datos_Era5/era5land_diario_guajira_10m_u_component_of_wind_1995.nc
derived-era5-land-daily-statistics,10.24381/cds.e9c9c792,10m_u_component_of_wind,1996,daily_mean,utc+00:00,1_hourly,12.125,-71.9583,12.1166667,-71.95,Datos_Era5/era5land_diario_guajira_10m_u_component_of_wind_1996.nc
derived-era5-land-daily-statistics,10.24381/cds.e9c9c792,10m_u_component_of_wind,1997,daily_mean,utc+00:00,1_hourly,12.125,-71.9583,12.1166667,-71.95,Datos_Era5/era5land_diario_guajira_10m_u_component_of_wind_1997.nc
derived-era5-land-daily-statistics,10.24381/cds.e9c9c792,10m_u_component_of_wind,1998,daily_mean,utc+00:00,1_hourly,12.125,-71.9583,12.1166667,-71.95,Datos_Era5/era5land_diario_guajira_10m_u_component_of_wind_1998.nc
derived-era5-land-daily-statistics,10.24381/cds.e9c9c792,10m_u_component_of_wind,1999,daily_mean,utc+00:00,1_hourly,12.125,-71.9583,12.1166667,-71.95,Datos_Era5/era5land_diario_guajira_10m_u_component_of_wind_1999.nc
derived-era5-land-daily-statistics,10.24381/cds.e9c9c792,10m_u_component_of_wind,2000,daily_mean,utc+00:00,1_hourly,12.125,-71.9583,12.1166667,-71.95,Datos_Era5/era5land_diario_guajira_10m_u_component_of_wind_2000.nc
derived-era5-land-daily-statistics,10.24381/cds.e9c9c792,10m_u_component_of_wind,2001,daily_mean,utc+00:00,1_hourly,12.125,-71.9583,12.1166667,-71.95,Datos_Era5/era5land_diario_guajira_10m_u_component_of_wind_2001.nc
derived-era5-land-daily-statistics,10.24381/cds.e9c9c792,10m_u_component_of_wind,2002,daily_mean,utc+00:00,1_hourly,12.125,-71.9583,12.1166667,-71.95,Datos_Era5/era5land_diario_guajira_10m_u_component_of_wind_2002.nc
derived-era5-land-daily-statistics,10.24381/cds.e9c9c792,10m_u_component_of_wind,2003,daily_mean,utc+00:00,1_hourly,12.125,-71.9583,12.1166667,-71.95,Datos_Era5/era5land_diario_guajira_10m_u_component_of_wind_2003.nc
derived-era5-land-daily-statistics,10.24381/cds.e9c9c792,10m_u_component_of_wind,2004,daily_mean,utc+00:00,1_hourly,12.125,-71.9583,12.1166667,-71.95,Datos_Era5/era5land_diario_guajira_10m_u_component_of_wind_2004.nc
derived-era5-land-daily-statistics,10.24381/cds.e9c9c792,10m_u_component_of_wind,2005,daily_mean,utc+00:00,1_hourly,12.125,-71.9583,12.1166667,-71.95,Datos_Era5/era5land_diario_guajira_10m_u_component_of_wind_2005.nc
derived-era5-land-daily-statistics,10.24381/cds.e9c9c792,10m_u_component_of_wind,2006,daily_mean,utc+00:00,1_hourly,12.125,-71.9583,12.1166667,-71.95,Datos_Era5/era5land_diario_guajira_10m_u_component_of_wind_2006.nc
derived-era5-land-daily-statistics,10.24381/cds.e9c9c792,10m_u_component_of_wind,2007,daily_mean,utc+00:00,1_hourly,12.125,-71.9583,12.1166667,-71.95,Datos_Era5/era5land_diario_guajira_10m_u_component_of_wind_2007.nc
derived-era5-land-daily-statistics,10.24381/cds.e9c9c792,10m_u_component_of_wind,2008,daily_mean,utc+00:00,1_hourly,12.125,-71.9583,12.1166667,-71.95,Datos_Era5/era5land_diario_guajira_10m_u_component_of_wind_2008.nc
derived-era5-land-daily-statistics,10.24381/cds.e9c9c792,10m_u_component_of_wind,2009,daily_mean,utc+00:00,1_hourly,12.125,-71.9583,12.1166667,-71.95,Datos_Era5/era5land_diario_guajira_10m_u_component_of_wind_2009.nc
derived-era5-land-daily-statistics,10.24381/cds.e9c9c792,10m_u_component_of_wind,2010,daily_mean,utc+00:00,1_hourly,12.125,-71.9583,12.1166667,-71.95,Datos_Era5/era5land_diario_guajira_10m_u_component_of_wind_2010.nc
derived-era5-land-daily-statistics,10.24381/cds.e9c9c792,10m_u_component_of_wind,2011,daily_mean,utc+00:00,1_hourly,12.125,-71.9583,12.1166667,-71.95,Datos_Era5/era5land_diario_guajira_10m_u_component_of_wind_2011.nc
derived-era5-land-daily-statistics,10.24381/cds.e9c9c792,10m_u_component_of_wind,2012,daily_mean,utc+00:00,1_hourly,12.125,-71.9583,12.1166667,-71.95,Datos_Era5/era5land_diario_guajira_10m_u_component_of_wind_2012.nc
derived-era5-land-daily-statistics,10.24381/cds.e9c9c792,10m_u_component_of_wind,2013,daily_mean,utc+00:00,1_hourly,12.125,-71.9583,12.1166667,-71.95,Datos_Era5/era5land_diario_guajira_10m_u_component_of_wind_2013.nc
derived-era5-land-daily-statistics,10.24381/cds.e9c9c792,10m_u_component_of_wind,2014,daily_mean,utc+00:00,1_hourly,12.125,-71.9583,12.1166667,-71.95,Datos_Era5/era5land_diario_guajira_10m_u_component_of_wind_2014.nc
derived-era5-land-daily-statistics,10.24381/cds.e9c9c792,10m_v_component_of_wind,1981,daily_mean,utc+00:00,1_hourly,12.125,-71.9583,12.1166667,-71.95,Datos_Era5/era5land_diario_guajira_10m_v_component_of_wind_1981.nc
derived-era5-land-daily-statistics,10.24381/cds.e9c9c792,10m_v_component_of_wind,1982,daily_mean,utc+00:00,1_hourly,12.125,-71.9583,12.1166667,-71.95,Datos_Era5/era5land_diario_guajira_10m_v_component_of_wind_1982.nc
derived-era5-land-daily-statistics,10.24381/cds.e9c9c792,10m_v_component_of_wind,1983,daily_mean,utc+00:00,1_hourly,12.125,-71.9583,12.1166667,-71.95,Datos_Era5/era5land_diario_guajira_10m_v_component_of_wind_1983.nc
derived-era5-land-daily-statistics,10.24381/cds.e9c9c792,10m_v_component_of_wind,1984,daily_mean,utc+00:00,1_hourly,12.125,-71.9583,12.1166667,-71.95,Datos_Era5/era5land_diario_guajira_10m_v_component_of_wind_1984.nc
derived-era5-land-daily-statistics,10.24381/cds.e9c9c792,10m_v_component_of_wind,1985,daily_mean,utc+00:00,1_hourly,12.125,-71.9583,12.1166667,-71.95,Datos_Era5/era5land_diario_guajira_10m_v_component_of_wind_1985.nc
derived-era5-land-daily-statistics,10.24381/cds.e9c9c792,10m_v_component_of_wind,1986,daily_mean,utc+00:00,1_hourly,12.125,-71.9583,12.1166667,-71.95,Datos_Era5/era5land_diario_guajira_10m_v_component_of_wind_1986.nc
derived-era5-land-daily-statistics,10.24381/cds.e9c9c792,10m_v_component_of_wind,1987,daily_mean,utc+00:00,1_hourly,12.125,-71.9583,12.1166667,-71.95,Datos_Era5/era5land_diario_guajira_10m_v_component_of_wind_1987.nc
derived-era5-land-daily-statistics,10.24381/cds.e9c9c792,10m_v_component_of_wind,1988,daily_mean,utc+00:00,1_hourly,12.125,-71.9583,12.1166667,-71.95,Datos_Era5/era5land_diario_guajira_10m_v_component_of_wind_1988.nc
derived-era5-land-daily-statistics,10.24381/cds.e9c9c792,10m_v_component_of_wind,1989,daily_mean,utc+00:00,1_hourly,12.125,-71.9583,12.1166667,-71.95,Datos_Era5/era5land_diario_guajira_10m_v_component_of_wind_1989.nc
derived-era5-land-daily-statistics,10.24381/cds.e9c9c792,10m_v_component_of_wind,1990,daily_mean,utc+00:00,1_hourly,12.125,-71.9583,12.1166667,-71.95,Datos_Era5/era5land_diario_guajira_10m_v_component_of_wind_1990.nc
derived-era5-land-daily-statistics,10.24381/cds.e9c9c792,10m_v_component_of_wind,1991,daily_mean,utc+00:00,1_hourly,12.125,-71.9583,12.1166667,-71.95,Datos_Era5/era5land_diario_guajira_10m_v_component_of_wind_1991.nc
derived-era5-land-daily-statistics,10.24381/cds.e9c9c792,10m_v_component_of_wind,1992,daily_mean,utc+00:00,1_hourly,12.125,-71.9583,12.1166667,-71.95,Datos_Era5/era5land_diario_guajira_10m_v_component_of_wind_1992.nc
derived-era5-land-daily-statistics,10.24381/cds.e9c9c792,10m_v_component_of_wind,1993,daily_mean,utc+00:00,1_hourly,12.125,-71.9583,12.1166667,-71.95,Datos_Era5/era5land_diario_guajira_10m_v_component_of_wind_1993.nc
derived-era5-land-daily-statistics,10.24381/cds.e9c9c792,10m_v_component_of_wind,1994,daily_mean,utc+00:00,1_hourly,12.125,-71.9583,12.1166667,-71.95,Datos_Era5/era5land_diario_guajira_10m_v_component_of_wind_1994.nc
derived-era5-land-daily-statistics,10.24381/cds.e9c9c792,10m_v_component_of_wind,1995,daily_mean,utc+00:00,1_hourly,12.125,-71.9583,12.1166667,-71.95,Datos_Era5/era5land_diario_guajira_10m_v_component_of_wind_1995.nc
derived-era5-land-daily-statistics,10.24381/cds.e9c9c792,10m_v_component_of_wind,1996,daily_mean,utc+00:00,1_hourly,12.125,-71.9583,12.1166667,-71.95,Datos_Era5/era5land_diario_guajira_10m_v_component_of_wind_1996.nc
derived-era5-land-daily-statistics,10.24381/cds.e9c9c792,10m_v_component_of_wind,1997,daily_mean,utc+00:00,1_hourly,12.125,-71.9583,12.1166667,-71.95,Datos_Era5/era5land_diario_guajira_10m_v_component_of_wind_1997.nc
derived-era5-land-daily-statistics,10.24381/cds.e9c9c792,10m_v_component_of_wind,1998,daily_mean,utc+00:00,1_hourly,12.125,-71.9583,12.1166667,-71.95,Datos_Era5/era5land_diario_guajira_10m_v_component_of_wind_1998.nc
derived-era5-land-daily-statistics,10.24381/cds.e9c9c792,10m_v_component_of_wind,1999,daily_mean,utc+00:00,1_hourly,12.125,-71.9583,12.1166667,-71.95,Datos_Era5/era5land_diario_guajira_10m_v_component_of_wind_1999.nc
derived-era5-land-daily-statistics,10.24381/cds.e9c9c792,10m_v_component_of_wind,2000,daily_mean,utc+00:00,1_hourly,12.125,-71.9583,12.1166667,-71.95,Datos_Era5/era5land_diario_guajira_10m_v_component_of_wind_2000.nc
derived-era5-land-daily-statistics,10.24381/cds.e9c9c792,10m_v_component_of_wind,2001,daily_mean,utc+00:00,1_hourly,12.125,-71.9583,12.1166667,-71.95,Datos_Era5/era5land_diario_guajira_10m_v_component_of_wind_2001.nc
derived-era5-land-daily-statistics,10.24381/cds.e9c9c792,10m_v_component_of_wind,2002,daily_mean,utc+00:00,1_hourly,12.125,-71.9583,12.1166667,-71.95,Datos_Era5/era5land_diario_guajira_10m_v_component_of_wind_2002.nc
derived-era5-land-daily-statistics,10.24381/cds.e9c9c792,10m_v_component_of_wind,2003,daily_mean,utc+00:00,1_hourly,12.125,-71.9583,12.1166667,-71.95,Datos_Era5/era5land_diario_guajira_10m_v_component_of_wind_2003.nc
derived-era5-land-daily-statistics,10.24381/cds.e9c9c792,10m_v_component_of_wind,2004,daily_mean,utc+00:00,1_hourly,12.125,-71.9583,12.1166667,-71.95,Datos_Era5/era5land_diario_guajira_10m_v_component_of_wind_2004.nc
derived-era5-land-daily-statistics,10.24381/cds.e9c9c792,10m_v_component_of_wind,2005,daily_mean,utc+00:00,1_hourly,12.125,-71.9583,12.1166667,-71.95,Datos_Era5/era5land_diario_guajira_10m_v_component_of_wind_2005.nc
derived-era5-land-daily-statistics,10.24381/cds.e9c9c792,10m_v_component_of_wind,2006,daily_mean,utc+00:00,1_hourly,12.125,-71.9583,12.1166667,-71.95,Datos_Era5/era5land_diario_guajira_10m_v_component_of_wind_2006.nc
derived-era5-land-daily-statistics,10.24381/cds.e9c9c792,10m_v_component_of_wind,2007,daily_mean,utc+00:00,1_hourly,12.125,-71.9583,12.1166667,-71.95,Datos_Era5/era5land_diario_guajira_10m_v_component_of_wind_2007.nc
derived-era5-land-daily-statistics,10.24381/cds.e9c9c792,10m_v_component_of_wind,2008,daily_mean,utc+00:00,1_hourly,12.125,-71.9583,12.1166667,-71.95,Datos_Era5/era5land_diario_guajira_10m_v_component_of_wind_2008.nc
derived-era5-land-daily-statistics,10.24381/cds.e9c9c792,10m_v_component_of_wind,2009,daily_mean,utc+00:00,1_hourly,12.125,-71.9583,12.1166667,-71.95,Datos_Era5/era5land_diario_guajira_10m_v_component_of_wind_2009.nc
derived-era5-land-daily-statistics,10.24381/cds.e9c9c792,10m_v_component_of_wind,2010,daily_mean,utc+00:00,1_hourly,12.125,-71.9583,12.1166667,-71.95,Datos_Era5/era5land_diario_guajira_10m_v_component_of_wind_2010.nc
derived-era5-land-daily-statistics,10.24381/cds.e9c9c792,10m_v_component_of_wind,2011,daily_mean,utc+00:00,1_hourly,12.125,-71.9583,12.1166667,-71.95,Datos_Era5/era5land_diario_guajira_10m_v_component_of_wind_2011.nc
derived-era5-land-daily-statistics,10.24381/cds.e9c9c792,10m_v_component_of_wind,2012,daily_mean,utc+00:00,1_hourly,12.125,-71.9583,12.1166667,-71.95,Datos_Era5/era5land_diario_guajira_10m_v_component_of_wind_2012.nc
derived-era5-land-daily-statistics,10.24381/cds.e9c9c792,10m_v_component_of_wind,2013,daily_mean,utc+00:00,1_hourly,12.125,-71.9583,12.1166667,-71.95,Datos_Era5/era5land_diario_guajira_10m_v_component_of_wind_2013.nc
derived-era5-land-daily-statistics,10.24381/cds.e9c9c792,10m_v_component_of_wind,2014,daily_mean,utc+00:00,1_hourly,12.125,-71.9583,12.1166667,-71.95,Datos_Era5/era5land_diario_guajira_10m_v_component_of_wind_2014.nc
derived-era5-land-daily-statistics,10.24381/cds.e9c9c792,2m_temperature,1981,daily_mean,utc+00:00,1_hourly,12.125,-71.9583,12.1166667,-71.95,Datos_Era5/era5land_diario_guajira_2m_temperature_1981.nc
derived-era5-land-daily-statistics,10.24381/cds.e9c9c792,2m_temperature,1982,daily_mean,utc+00:00,1_hourly,12.125,-71.9583,12.1166667,-71.95,Datos_Era5/era5land_diario_guajira_2m_temperature_1982.nc
derived-era5-land-daily-statistics,10.24381/cds.e9c9c792,2m_temperature,1983,daily_mean,utc+00:00,1_hourly,12.125,-71.9583,12.1166667,-71.95,Datos_Era5/era5land_diario_guajira_2m_temperature_1983.nc
derived-era5-land-daily-statistics,10.24381/cds.e9c9c792,2m_temperature,1984,daily_mean,utc+00:00,1_hourly,12.125,-71.9583,12.1166667,-71.95,Datos_Era5/era5land_diario_guajira_2m_temperature_1984.nc
derived-era5-land-daily-statistics,10.24381/cds.e9c9c792,2m_temperature,1985,daily_mean,utc+00:00,1_hourly,12.125,-71.9583,12.1166667,-71.95,Datos_Era5/era5land_diario_guajira_2m_temperature_1985.nc
derived-era5-land-daily-statistics,10.24381/cds.e9c9c792,2m_temperature,1986,daily_mean,utc+00:00,1_hourly,12.125,-71.9583,12.1166667,-71.95,Datos_Era5/era5land_diario_guajira_2m_temperature_1986.nc
derived-era5-land-daily-statistics,10.24381/cds.e9c9c792,2m_temperature,1987,daily_mean,utc+00:00,1_hourly,12.125,-71.9583,12.1166667,-71.95,Datos_Era5/era5land_diario_guajira_2m_temperature_1987.nc
derived-era5-land-daily-statistics,10.24381/cds.e9c9c792,2m_temperature,1988,daily_mean,utc+00:00,1_hourly,12.125,-71.9583,12.1166667,-71.95,Datos_Era5/era5land_diario_guajira_2m_temperature_1988.nc
derived-era5-land-daily-statistics,10.24381/cds.e9c9c792,2m_temperature,1989,daily_mean,utc+00:00,1_hourly,12.125,-71.9583,12.1166667,-71.95,Datos_Era5/era5land_diario_guajira_2m_temperature_1989.nc
derived-era5-land-daily-statistics,10.24381/cds.e9c9c792,2m_temperature,1990,daily_mean,utc+00:00,1_hourly,12.125,-71.9583,12.1166667,-71.95,Datos_Era5/era5land_diario_guajira_2m_temperature_1990.nc
derived-era5-land-daily-statistics,10.24381/cds.e9c9c792,2m_temperature,1991,daily_mean,utc+00:00,1_hourly,12.125,-71.9583,12.1166667,-71.95,Datos_Era5/era5land_diario_guajira_2m_temperature_1991.nc
derived-era5-land-daily-statistics,10.24381/cds.e9c9c792,2m_temperature,1992,daily_mean,utc+00:00,1_hourly,12.125,-71.9583,12.1166667,-71.95,Datos_Era5/era5land_diario_guajira_2m_temperature_1992.nc
derived-era5-land-daily-statistics,10.24381/cds.e9c9c792,2m_temperature,1993,daily_mean,utc+00:00,1_hourly,12.125,-71.9583,12.1166667,-71.95,Datos_Era5/era5land_diario_guajira_2m_temperature_1993.nc
derived-era5-land-daily-statistics,10.24381/cds.e9c9c792,2m_temperature,1994,daily_mean,utc+00:00,1_hourly,12.125,-71.9583,12.1166667,-71.95,Datos_Era5/era5land_diario_guajira_2m_temperature_1994.nc
derived-era5-land-daily-statistics,10.24381/cds.e9c9c792,2m_temperature,1995,daily_mean,utc+00:00,1_hourly,12.125,-71.9583,12.1166667,-71.95,Datos_Era5/era5land_diario_guajira_2m_temperature_1995.nc
derived-era5-land-daily-statistics,10.24381/cds.e9c9c792,2m_temperature,1996,daily_mean,utc+00:00,1_hourly,12.125,-71.9583,12.1166667,-71.95,Datos_Era5/era5land_diario_guajira_2m_temperature_1996.nc
derived-era5-land-daily-statistics,10.24381/cds.e9c9c792,2m_temperature,1997,daily_mean,utc+00:00,1_hourly,12.125,-71.9583,12.1166667,-71.95,Datos_Era5/era5land_diario_guajira_2m_temperature_1997.nc
derived-era5-land-daily-statistics,10.24381/cds.e9c9c792,2m_temperature,1998,daily_mean,utc+00:00,1_hourly,12.125,-71.9583,12.1166667,-71.95,Datos_Era5/era5land_diario_guajira_2m_temperature_1998.nc
derived-era5-land-daily-statistics,10.24381/cds.e9c9c792,2m_temperature,1999,daily_mean,utc+00:00,1_hourly,12.125,-71.9583,12.1166667,-71.95,Datos_Era5/era5land_diario_guajira_2m_temperature_1999.nc
derived-era5-land-daily-statistics,10.24381/cds.e9c9c792,2m_temperature,2000,daily_mean,utc+00:00,1_hourly,12.125,-71.9583,12.1166667,-71.95,Datos_Era5/era5land_diario_guajira_2m_temperature_2000.nc
derived-era5-land-daily-statistics,10.24381/cds.e9c9c792,2m_temperature,2001,daily_mean,utc+00:00,1_hourly,12.125,-71.9583,12.1166667,-71.95,Datos_Era5/era5land_diario_guajira_2m_temperature_2001.nc
derived-era5-land-daily-statistics,10.24381/cds.e9c9c792,2m_temperature,2002,daily_mean,utc+00:00,1_hourly,12.125,-71.9583,12.1166667,-71.95,Datos_Era5/era5land_diario_guajira_2m_temperature_2002.nc
derived-era5-land-daily-statistics,10.24381/cds.e9c9c792,2m_temperature,2003,daily_mean,utc+00:00,1_hourly,12.125,-71.9583,12.1166667,-71.95,Datos_Era5/era5land_diario_guajira_2m_temperature_2003.nc
derived-era5-land-daily-statistics,10.24381/cds.e9c9c792,2m_temperature,2004,daily_mean,utc+00:00,1_hourly,12.125,-71.9583,12.1166667,-71.95,Datos_Era5/era5land_diario_guajira_2m_temperature_2004.nc
derived-era5-land-daily-statistics,10.24381/cds.e9c9c792,2m_temperature,2005,daily_mean,utc+00:00,1_hourly,12.125,-71.9583,12.1166667,-71.95,Datos_Era5/era5land_diario_guajira_2m_temperature_2005.nc
derived-era5-land-daily-statistics,10.24381/cds.e9c9c792,2m_temperature,2006,daily_mean,utc+00:00,1_hourly,12.125,-71.9583,12.1166667,-71.95,Datos_Era5/era5land_diario_guajira_2m_temperature_2006.nc
derived-era5-land-daily-statistics,10.24381/cds.e9c9c792,2m_temperature,2007,daily_mean,utc+00:00,1_hourly,12.125,-71.9583,12.1166667,-71.95,Datos_Era5/era5land_diario_guajira_2m_temperature_2007.nc
derived-era5-land-daily-statistics,10.24381/cds.e9c9c792,2m_temperature,2008,daily_mean,utc+00:00,1_hourly,12.125,-71.9583,12.1166667,-71.95,Datos_Era5/era5land_diario_guajira_2m_temperature_2008.nc
derived-era5-land-daily-statistics,10.24381/cds.e9c9c792,2m_temperature,2009,daily_mean,utc+00:00,1_hourly,12.125,-71.9583,12.1166667,-71.95,Datos_Era5/era5land_diario_guajira_2m_temperature_2009.nc
derived-era5-land-daily-statistics,10.24381/cds.e9c9c792,2m_temperature,2010,daily_mean,utc+00:00,1_hourly,12.125,-71.9583,12.1166667,-71.95,Datos_Era5/era5land_diario_guajira_2m_temperature_2010.nc
derived-era5-land-daily-statistics,10.24381/cds.e9c9c792,2m_temperature,2011,daily_mean,utc+00:00,1_hourly,12.125,-71.9583,12.1166667,-71.95,Datos_Era5/era5land_diario_guajira_2m_temperature_2011.nc
derived-era5-land-daily-statistics,10.24381/cds.e9c9c792,2m_temperature,2012,daily_mean,utc+00:00,1_hourly,12.125,-71.9583,12.1166667,-71.95,Datos_Era5/era5land_diario_guajira_2m_temperature_2012.nc
derived-era5-land-daily-statistics,10.24381/cds.e9c9c792,2m_temperature,2013,daily_mean,utc+00:00,1_hourly,12.125,-71.9583,12.1166667,-71.95,Datos_Era5/era5land_diario_guajira_2m_temperature_2013.nc
derived-era5-land-daily-statistics,10.24381/cds.e9c9c792,2m_temperature,2014,daily_mean,utc+00:00,1_hourly,12.125,-71.9583,12.1166667,-71.95,Datos_Era5/era5land_diario_guajira_2m_temperature_2014.nc
derived-era5-land-daily-statistics,10.24381/cds.e9c9c792,surface_pressure,1981,daily_mean,utc+00:00,1_hourly,12.125,-71.9583,12.1166667,-71.95,Datos_Era5/era5land_diario_guajira_surface_pressure_1981.nc
derived-era5-land-daily-statistics,10.24381/cds.e9c9c792,surface_pressure,1982,daily_mean,utc+00:00,1_hourly,12.125,-71.9583,12.1166667,-71.95,Datos_Era5/era5land_diario_guajira_surface_pressure_1982.nc
derived-era5-land-daily-statistics,10.24381/cds.e9c9c792,surface_pressure,1983,daily_mean,utc+00:00,1_hourly,12.125,-71.9583,12.1166667,-71.95,Datos_Era5/era5land_diario_guajira_surface_pressure_1983.nc
derived-era5-land-daily-statistics,10.24381/cds.e9c9c792,surface_pressure,1984,daily_mean,utc+00:00,1_hourly,12.125,-71.9583,12.1166667,-71.95,Datos_Era5/era5land_diario_guajira_surface_pressure_1984.nc
derived-era5-land-daily-statistics,10.24381/cds.e9c9c792,surface_pressure,1985,daily_mean,utc+00:00,1_hourly,12.125,-71.9583,12.1166667,-71.95,Datos_Era5/era5land_diario_guajira_surface_pressure_1985.nc
derived-era5-land-daily-statistics,10.24381/cds.e9c9c792,surface_pressure,1986,daily_mean,utc+00:00,1_hourly,12.125,-71.9583,12.1166667,-71.95,Datos_Era5/era5land_diario_guajira_surface_pressure_1986.nc
derived-era5-land-daily-statistics,10.24381/cds.e9c9c792,surface_pressure,1987,daily_mean,utc+00:00,1_hourly,12.125,-71.9583,12.1166667,-71.95,Datos_Era5/era5land_diario_guajira_surface_pressure_1987.nc
derived-era5-land-daily-statistics,10.24381/cds.e9c9c792,surface_pressure,1988,daily_mean,utc+00:00,1_hourly,12.125,-71.9583,12.1166667,-71.95,Datos_Era5/era5land_diario_guajira_surface_pressure_1988.nc
derived-era5-land-daily-statistics,10.24381/cds.e9c9c792,surface_pressure,1989,daily_mean,utc+00:00,1_hourly,12.125,-71.9583,12.1166667,-71.95,Datos_Era5/era5land_diario_guajira_surface_pressure_1989.nc
derived-era5-land-daily-statistics,10.24381/cds.e9c9c792,surface_pressure,1990,daily_mean,utc+00:00,1_hourly,12.125,-71.9583,12.1166667,-71.95,Datos_Era5/era5land_diario_guajira_surface_pressure_1990.nc
derived-era5-land-daily-statistics,10.24381/cds.e9c9c792,surface_pressure,1991,daily_mean,utc+00:00,1_hourly,12.125,-71.9583,12.1166667,-71.95,Datos_Era5/era5land_diario_guajira_surface_pressure_1991.nc
derived-era5-land-daily-statistics,10.24381/cds.e9c9c792,surface_pressure,1992,daily_mean,utc+00:00,1_hourly,12.125,-71.9583,12.1166667,-71.95,Datos_Era5/era5land_diario_guajira_surface_pressure_1992.nc
derived-era5-land-daily-statistics,10.24381/cds.e9c9c792,surface_pressure,1993,daily_mean,utc+00:00,1_hourly,12.125,-71.9583,12.1166667,-71.95,Datos_Era5/era5land_diario_guajira_surface_pressure_1993.nc
derived-era5-land-daily-statistics,10.24381/cds.e9c9c792,surface_pressure,1994,daily_mean,utc+00:00,1_hourly,12.125,-71.9583,12.1166667,-71.95,Datos_Era5/era5land_diario_guajira_surface_pressure_1994.nc
derived-era5-land-daily-statistics,10.24381/cds.e9c9c792,surface_pressure,1995,daily_mean,utc+00:00,1_hourly,12.125,-71.9583,12.1166667,-71.95,Datos_Era5/era5land_diario_guajira_surface_pressure_1995.nc
derived-era5-land-daily-statistics,10.24381/cds.e9c9c792,surface_pressure,1996,daily_mean,utc+00:00,1_hourly,12.125,-71.9583,12.1166667,-71.95,Datos_Era5/era5land_diario_guajira_surface_pressure_1996.nc
derived-era5-land-daily-statistics,10.24381/cds.e9c9c792,surface_pressure,1997,daily_mean,utc+00:00,1_hourly,12.125,-71.9583,12.1166667,-71.95,Datos_Era5/era5land_diario_guajira_surface_pressure_1997.nc
derived-era5-land-daily-statistics,10.24381/cds.e9c9c792,surface_pressure,1998,daily_mean,utc+00:00,1_hourly,12.125,-71.9583,12.1166667,-71.95,Datos_Era5/era5land_diario_guajira_surface_pressure_1998.nc
derived-era5-land-daily-statistics,10.24381/cds.e9c9c792,surface_pressure,1999,daily_mean,utc+00:00,1_hourly,12.125,-71.9583,12.1166667,-71.95,Datos_Era5/era5land_diario_guajira_surface_pressure_1999.nc
derived-era5-land-daily-statistics,10.24381/cds.e9c9c792,surface_pressure,2000,daily_mean,utc+00:00,1_hourly,12.125,-71.9583,12.1166667,-71.95,Datos_Era5/era5land_diario_guajira_surface_pressure_2000.nc
derived-era5-land-daily-statistics,10.24381/cds.e9c9c792,surface_pressure,2001,daily_mean,utc+00:00,1_hourly,12.125,-71.9583,12.1166667,-71.95,Datos_Era5/era5land_diario_guajira_surface_pressure_2001.nc
derived-era5-land-daily-statistics,10.24381/cds.e9c9c792,surface_pressure,2002,daily_mean,utc+00:00,1_hourly,12.125,-71.9583,12.1166667,-71.95,Datos_Era5/era5land_diario_guajira_surface_pressure_2002.nc
derived-era5-land-daily-statistics,10.24381/cds.e9c9c792,surface_pressure,2003,daily_mean,utc+00:00,1_hourly,12.125,-71.9583,12.1166667,-71.95,Datos_Era5/era5land_diario_guajira_surface_pressure_2003.nc
derived-era5-land-daily-statistics,10.24381/cds.e9c9c792,surface_pressure,2004,daily_mean,utc+00:00,1_hourly,12.125,-71.9583,12.1166667,-71.95,Datos_Era5/era5land_diario_guajira_surface_pressure_2004.nc
derived-era5-land-daily-statistics,10.24381/cds.e9c9c792,surface_pressure,2005,daily_mean,utc+00:00,1_hourly,12.125,-71.9583,12.1166667,-71.95,Datos_Era5/era5land_diario_guajira_surface_pressure_2005.nc
derived-era5-land-daily-statistics,10.24381/cds.e9c9c792,surface_pressure,2006,daily_mean,utc+00:00,1_hourly,12.125,-71.9583,12.1166667,-71.95,Datos_Era5/era5land_diario_guajira_surface_pressure_2006.nc
derived-era5-land-daily-statistics,10.24381/cds.e9c9c792,surface_pressure,2007,daily_mean,utc+00:00,1_hourly,12.125,-71.9583,12.1166667,-71.95,Datos_Era5/era5land_diario_guajira_surface_pressure_2007.nc
derived-era5-land-daily-statistics,10.24381/cds.e9c9c792,surface_pressure,2008,daily_mean,utc+00:00,1_hourly,12.125,-71.9583,12.1166667,-71.95,Datos_Era5/era5land_diario_guajira_surface_pressure_2008.nc
derived-era5-land-daily-statistics,10.24381/cds.e9c9c792,surface_pressure,2009,daily_mean,utc+00:00,1_hourly,12.125,-71.9583,12.1166667,-71.95,Datos_Era5/era5land_diario_guajira_surface_pressure_2009.nc
derived-era5-land-daily-statistics,10.24381/cds.e9c9c792,surface_pressure,2010,daily_mean,utc+00:00,1_hourly,12.125,-71.9583,12.1166667,-71.95,Datos_Era5/era5land_diario_guajira_surface_pressure_2010.nc
derived-era5-land-daily-statistics,10.24381/cds.e9c9c792,surface_pressure,2011,daily_mean,utc+00:00,1_hourly,12.125,-71.9583,12.1166667,-71.95,Datos_Era5/era5land_diario_guajira_surface_pressure_2011.nc
derived-era5-land-daily-statistics,10.24381/cds.e9c9c792,surface_pressure,2012,daily_mean,utc+00:00,1_hourly,12.125,-71.9583,12.1166667,-71.95,Datos_Era5/era5land_diario_guajira_surface_pressure_2012.nc
derived-era5-land-daily-statistics,10.24381/cds.e9c9c792,surface_pressure,2013,daily_mean,utc+00:00,1_hourly,12.125,-71.9583,12.1166667,-71.95,Datos_Era5/era5land_diario_guajira_surface_pressure_2013.nc
derived-era5-land-daily-statistics,10.24381/cds.e9c9c792,surface_pressure,2014,daily_mean,utc+00:00,1_hourly,12.125,-71.9583,12.1166667,-71.95,Datos_Era5/era5land_diario_guajira_surface_pressure_2014.nc
