scenario,horizon,month,n_models,q10,q25,q50,q75,q90
historical,historico,1,12,0.753759780960019,0.7544940837971524,0.7601482398447374,0.763399460666771,0.7668819238686008
historical,historico,2,12,0.7716104511716748,0.7726706235352097,0.7782608177963652,0.7844310522854517,0.7861575453162487
historical,historico,3,12,0.7492092000786355,0.7507007606318692,0.7579037470967012,0.7626823049020806,0.7644496342487481
historical,historico,4,12,0.6893101988906276,0.6898009140617872,0.6969737217929217,0.700887936014687,0.704726569236808
historical,historico,5,12,0.6215206614567446,0.6218929807904143,0.625075592423141,0.6302424002656791,0.6359920292441793
historical,historico,6,12,0.7477110067377684,0.7491324383639478,0.7546771289685583,0.7587266979075984,0.7618154316981259
historical,historico,7,12,0.7904005332702343,0.791605083874245,0.7954401553833319,0.8008338253851341,0.8061024740921333
historical,historico,8,12,0.6427807350101781,0.6443935855127142,0.6468485047324396,0.6501010390170516,0.6547875755314017
historical,historico,9,12,0.4311150800051826,0.43352287046483995,0.4365282046685906,0.4394698365171771,0.44232798286528535
historical,historico,10,12,0.31781203129577934,0.3191580691952492,0.32380485168941325,0.32669504121258075,0.33026113940496854
historical,historico,11,12,0.4372077707948337,0.4383477241392416,0.44080219874652443,0.44355239717694683,0.4447064900954919
historical,historico,12,12,0.6602547338643776,0.6609616754377089,0.664407795215533,0.668712102110571,0.6750630414621775
ssp126,medio,1,12,0.745783127887419,0.7479869037232989,0.7585022981545098,0.7660304270134646,0.7704443144283994
ssp126,medio,2,12,0.7642814165591707,0.7665526543446964,0.7762721766954852,0.7912415743621044,0.8032622959373319
ssp126,medio,3,12,0.7264207349793401,0.7436357402322317,0.7534435252278096,0.7623152806472869,0.7707650314378028
ssp126,medio,4,12,0.6689818958106034,0.6837910290877867,0.69192954877371,0.7116026865631566,0.7286052277174963
ssp126,medio,5,12,0.596357590183962,0.6064708416971569,0.6252727740892292,0.6533827255540052,0.6624631258073624
ssp126,medio,6,12,0.7277850708732807,0.7397486847914551,0.762970281962331,0.7821912157586143,0.8005014820724
ssp126,medio,7,12,0.7921469492916053,0.7969397124961393,0.8037861695207751,0.810265640748043,0.8205555862580172
ssp126,medio,8,12,0.6199340154597889,0.6423734277269789,0.6719031201889107,0.6973881423908254,0.7186379545174711
ssp126,medio,9,12,0.4226432344741455,0.42777266782261464,0.43741497820862474,0.4540108086851116,0.4585973866804106
ssp126,medio,10,12,0.30661898823282024,0.3105280307143764,0.330968028364862,0.34116109171201925,0.36570816646338505
ssp126,medio,11,12,0.40505556942924154,0.42912470798039337,0.44609319252435464,0.4593621379270607,0.4733800763095928
ssp126,medio,12,12,0.642637248090883,0.6533892167148491,0.6691232889515878,0.6849521097905769,0.6917789289090294
ssp126,lejano,1,12,0.7403968871239477,0.7555431591463682,0.7610452252026554,0.7713346003513986,0.7804017875606287
ssp126,lejano,2,12,0.7557103383396984,0.759843151126129,0.7738580545185096,0.7785472461942885,0.7967210796924336
ssp126,lejano,3,12,0.7306235656176218,0.7438665251752358,0.7551457940488197,0.7598600116783559,0.7673306860122194
ssp126,lejano,4,12,0.6393419200515627,0.6655674469858316,0.6806200127567656,0.6969939807241703,0.7387186269347572
ssp126,lejano,5,12,0.5537979897272886,0.5738995845456107,0.629919673801405,0.6465776788344626,0.6561090751106823
ssp126,lejano,6,12,0.7270773791832714,0.7297807639484695,0.753677285652834,0.7638358609298667,0.8007995038015228
ssp126,lejano,7,12,0.7849857152741453,0.7893587300324458,0.7992012320887035,0.803779210359162,0.8138406929925764
ssp126,lejano,8,12,0.6150296348523654,0.6364413878418768,0.6658313753416454,0.6902441284794486,0.6971546245277885
ssp126,lejano,9,12,0.3689150381208634,0.40669077631874906,0.44408618809133654,0.4729619982548887,0.4779974354274876
ssp126,lejano,10,12,0.2808948131578052,0.2949761018176956,0.3062965763588152,0.3248286982270113,0.34267173676731866
ssp126,lejano,11,12,0.4057745353989001,0.42442068312182607,0.4514818790054115,0.459561025234697,0.47148719264087824
ssp126,lejano,12,12,0.6343023644630571,0.6492494331718428,0.6620126225169772,0.6681996884752583,0.6823781837243479
ssp245,medio,1,12,0.7349223239159932,0.7388406979091074,0.748002166248468,0.7566456172793351,0.7629117968997132
ssp245,medio,2,12,0.7695588461243446,0.7718920774615866,0.7748373637549968,0.7784288527917084,0.7868760255013637
ssp245,medio,3,12,0.7241361492856832,0.7301709632707871,0.7359411865592898,0.7560442144797714,0.7631541359401928
ssp245,medio,4,12,0.6891493315960572,0.6938955107276472,0.6948870670258791,0.701467315335857,0.7070395693297382
ssp245,medio,5,12,0.592321306065033,0.5993526238552109,0.6235338471285659,0.6472551311016583,0.6694195471582016
ssp245,medio,6,12,0.7348055293280329,0.7460006625199003,0.7629916910751725,0.7717367639037578,0.7872398448832638
ssp245,medio,7,12,0.7777190296811708,0.7926072274246607,0.8005717548542768,0.8050020371174764,0.8058192550395202
ssp245,medio,8,12,0.6278917356086636,0.6376991738102911,0.6554910062473704,0.6918570194619469,0.693519971611308
ssp245,medio,9,12,0.4085166300237894,0.41405028978591474,0.431634242243114,0.4482099341697392,0.4628641434941509
ssp245,medio,10,12,0.28719720438524804,0.30240830283801556,0.31899592817466443,0.32702439826370344,0.3312888280332938
ssp245,medio,11,12,0.40992786908030854,0.4197357560580534,0.43681474528621006,0.4489345853141715,0.4718854271914601
ssp245,medio,12,12,0.6549308961900832,0.6579868285825996,0.6635271886423832,0.676240234443971,0.6786613564724333
ssp245,lejano,1,12,0.7276033183293782,0.7400299424315433,0.744883364015376,0.7626869179278579,0.7726976626646372
ssp245,lejano,2,12,0.752440031167745,0.7606254487124007,0.7792142397177908,0.7856286086502945,0.7919558597597249
ssp245,lejano,3,12,0.7081627117090292,0.7258861997608524,0.7415980035582554,0.7460502539846628,0.758255778174802
ssp245,lejano,4,12,0.6376005815023574,0.6531030708949905,0.69033879627931,0.7045695130409251,0.7243131794301689
ssp245,lejano,5,12,0.5994620027786325,0.6136709406467235,0.6338748888731067,0.6487443789438732,0.681334499308412
ssp245,lejano,6,12,0.7174599157399649,0.7436364019687877,0.7652077347878452,0.7965375182096948,0.8070306210215215
ssp245,lejano,7,12,0.792536541701594,0.7942553667297613,0.8000761144174521,0.8106040828686063,0.8179710454885328
ssp245,lejano,8,12,0.6207721683047412,0.6750989007488015,0.6871938884841802,0.6989141613028595,0.7099345471153551
ssp245,lejano,9,12,0.4354001742391871,0.4452258729708459,0.463374561306102,0.4764586261872752,0.5167892513482782
ssp245,lejano,10,12,0.29117837548224096,0.2969860399152405,0.3152626574007994,0.32591905679037436,0.3711070133003448
ssp245,lejano,11,12,0.4154506697790023,0.43485479251494724,0.442326254976224,0.4581520177264391,0.46705372233320563
ssp245,lejano,12,12,0.6414673126842684,0.6455884983785563,0.6602903297736784,0.6765667393826977,0.6791178945568483
ssp585,medio,1,12,0.7330244321852766,0.7402062608716494,0.7512093304918988,0.7619033400215484,0.7879230281387809
ssp585,medio,2,12,0.7485698973788029,0.7611327033506377,0.7746929999982846,0.7839317522887588,0.7951024755208785
ssp585,medio,3,12,0.7154990805465972,0.7203301788929818,0.7475940564358525,0.7621008364480366,0.7733871614666068
ssp585,medio,4,12,0.6577430173210317,0.6757828858677146,0.7011028698482562,0.7127877592389479,0.7312804689413053
ssp585,medio,5,12,0.5991733936350778,0.6114410569482674,0.627225340639153,0.6351194458038241,0.6656777622765806
ssp585,medio,6,12,0.7410016073311443,0.7553122836247154,0.7683532502991367,0.7900764561341811,0.8089660383329889
ssp585,medio,7,12,0.7822912511462,0.7912517689762848,0.7996776790947034,0.8109108586474436,0.8159252144601202
ssp585,medio,8,12,0.6210011322134499,0.6504311254686805,0.6608206543294861,0.6901583700156064,0.7059454149690795
ssp585,medio,9,12,0.38816632792120825,0.40184974886338365,0.424942609993351,0.4394856437022456,0.4453138101089614
ssp585,medio,10,12,0.2139074617185368,0.27868661447051696,0.3033808174034457,0.3202336604842907,0.33459388103111787
ssp585,medio,11,12,0.41577383057440614,0.42708157179957007,0.44306389248207934,0.44858457688366127,0.4626659004840919
ssp585,medio,12,12,0.6402101486061699,0.649184512910279,0.6547150941171167,0.6839123186070315,0.7002064387092864
ssp585,lejano,1,12,0.7277995258120741,0.7417434552822938,0.759774946402873,0.7688994052762658,0.773750987518255
ssp585,lejano,2,12,0.7369791799157887,0.7449415221210396,0.7845817531666495,0.7981445446389672,0.8014165832850125
ssp585,lejano,3,12,0.6994565740953661,0.7179729843830416,0.7476649468822867,0.7696963822539743,0.780348481721296
ssp585,lejano,4,12,0.6572266643054204,0.6640944261651622,0.6961885258305429,0.7300769190705858,0.7325616868236348
ssp585,lejano,5,12,0.6109138562281811,0.6151556259649488,0.6461019931623668,0.7168282076315643,0.7274437421542641
ssp585,lejano,6,12,0.7411570490982188,0.7490428763965117,0.7966154717374895,0.8273650507078296,0.8360259749169818
ssp585,lejano,7,12,0.779474824274868,0.7874198974977313,0.818407399815513,0.8205086611515882,0.8417580542581222
ssp585,lejano,8,12,0.5821106854545648,0.6663807150311475,0.7151463974502493,0.7534733849882644,0.7767413691365797
ssp585,lejano,9,12,0.3958934560317783,0.4584553136137428,0.5035192403877321,0.5382288913326321,0.5683560221837906
ssp585,lejano,10,12,0.28647576631202765,0.31756898218887897,0.3374105087050072,0.37330435682454555,0.39647258766156074
ssp585,lejano,11,12,0.4331079812720487,0.4396618316341135,0.4447892455197271,0.4716975865554778,0.5143715299913495
ssp585,lejano,12,12,0.6391884167650359,0.6546065944483094,0.6761800862498768,0.6851829917221443,0.7005510267242704
