model,rmse_mean_allmonths,rmse_DJF,rmse_MAM,rmse_JJA,rmse_SON
ACCESS-CM2,2.8609850269921866,2.3016823549899224,2.8512215932377374,2.972749965246756,3.2319771048306416
CanESM5,2.843001602506837,2.251257748916441,2.8258901474995435,2.928111044619263,3.3253374834018063
CESM2,2.820846914159305,2.2836221533485004,2.7899157054101393,2.8087869506185643,3.2032372249965593
CESM2-WACCM,2.850996274490593,2.3278070902773367,2.812859100538414,2.9336534432733457,3.178719921753309
CMCC-CM2-SR5,2.8843853705581957,2.3865691702946177,2.8132429263696617,2.952007434375561,3.1622487496762512
CMCC-ESM2,2.8654791075863257,2.323001611803768,2.8800553589472115,2.9507544823695397,3.300101096233005
EC-Earth3,2.8124881642608393,2.3286578709737586,2.816404287241149,2.8890625832770684,3.1484841847145026
IPSL-CM6A-LR,2.823021196723177,2.2439375621055118,2.8136727514583777,2.8859306697855907,3.251025076219237
MIROC6,2.8251375312958906,2.2540410591911577,2.855407343985609,2.8157407184058103,3.2768090562931835
MPI-ESM1-2-HR,2.790143891201282,2.369014258432809,2.805141826648047,2.807146632819756,3.123822103597358
MPI-ESM1-2-LR,2.818062947578778,2.259070941322203,2.8254002046293634,2.880508259165013,3.2177763432054527
NorESM2-MM,2.81798763041669,2.2823595688336558,2.730474645037643,2.8201392298711783,3.2231327294294143
